image_path,label,0,1,2,3,4,5,6,7,8,9,10,11,12,13,14,15,16,17,18,19,20,21,22,23,24,25,26,27,28,29,30,31,32,33,34,35,36,37,38,39,40,41,42,43,44,45,46,47,48,49,50,51,52,53,54,55,56,57,58,59,60,61,62,63,64,65,66,67,68,69,70,71,72,73,74,75,76,77,78,79,80,81,82,83,84,85,86,87,88,89,90,91,92,93,94,95,96,97,98,99,100,101,102,103,104,105,106,107,108,109,110,111,112,113,114,115,116,117,118,119,120,121,122,123,124,125,126,127
dataset/processed\22102024\22102024_face_001.jpg,22102024,-0.1581086814403534,-0.45827507972717285,-0.319921612739563,1.0783579349517822,-0.7516579031944275,0.04569791257381439,-0.45392045378685,-1.160689353942871,0.3821515738964081,0.15708185732364655,-0.567424476146698,0.048105642199516296,0.39273154735565186,-1.5268867015838623,-0.32563626766204834,0.5179763436317444,1.0793145895004272,1.5754826068878174,0.5136661529541016,0.005370311439037323,-0.3211648464202881,0.5088031888008118,-0.5700770616531372,0.026966877281665802,-0.6992992162704468,2.029418468475342,0.6012611389160156,0.7473535537719727,-0.7031401991844177,0.6613374352455139,0.0720476359128952,1.0395002365112305,0.340917706489563,-0.22583290934562683,0.44534772634506226,-1.1021175384521484,0.29956457018852234,-2.063508987426758,-0.12732365727424622,0.9756656885147095,-0.6558985114097595,-0.8065685033798218,1.8293691873550415,0.9265629053115845,2.3012516498565674,-0.5230311751365662,-0.3026691675186157,0.5154874324798584,1.159328579902649,0.6968362331390381,0.9803025126457214,-2.5086286067962646,-1.3899363279342651,0.6897662281990051,0.6540692448616028,-0.1702110916376114,0.6265512704849243,0.07371917366981506,-1.2855746746063232,-0.5942743420600891,-1.2315913438796997,-1.2807711362838745,1.8940308094024658,-0.12393699586391449,-1.0487656593322754,0.09585665166378021,-0.835460364818573,-0.46662992238998413,-1.0099766254425049,-1.035996437072754,0.7846856713294983,-0.5977466106414795,1.445632815361023,0.2735476493835449,1.1717721223831177,-1.8258883953094482,0.037710875272750854,0.19845226407051086,0.7290206551551819,0.6838828921318054,-0.4533918797969818,-0.915010929107666,-0.7486845850944519,-0.5989364385604858,-0.758598804473877,0.056382544338703156,-1.6806464195251465,0.032536812126636505,0.6145285367965698,-0.9004096388816833,0.05802198499441147,0.17619113624095917,-0.390939861536026,-0.08242134004831314,0.3787698745727539,-1.0537528991699219,-0.6676750779151917,0.654217004776001,-2.6055080890655518,-1.8388289213180542,2.348634958267212,-0.14402107894420624,0.9987649917602539,-0.3747178316116333,-1.0451207160949707,-1.0776753425598145,-0.8611860275268555,-2.1402225494384766,-1.182486891746521,-0.18424972891807556,0.32914817333221436,0.5574283599853516,0.2698524594306946,1.1783876419067383,0.15658393502235413,-1.2357099056243896,0.4824462831020355,-0.5982713103294373,0.38137727975845337,1.0747404098510742,-1.2241711616516113,-1.0275002717971802,2.39365291595459,0.036986373364925385,-0.9525558948516846,0.7521854043006897,1.6410061120986938,1.3489495515823364
dataset/processed\22102024\22102024_face_002.jpg,22102024,0.1047617569565773,-0.7753927707672119,-0.5689788460731506,-0.10614334791898727,0.20707692205905914,-0.4741016924381256,-0.2375575751066208,-0.22097912430763245,-0.00484113022685051,0.03513440489768982,0.04783135652542114,-0.4979390799999237,-0.17848742008209229,-0.7108616828918457,0.1609736680984497,0.11798891425132751,0.007162265479564667,0.04335252195596695,0.21378010511398315,-0.8139820694923401,-0.39393743872642517,0.2669365406036377,-0.25848647952079773,0.20045548677444458,0.22763948142528534,-0.07217118889093399,0.547932505607605,0.026478715240955353,0.05851985514163971,-0.12221913784742355,0.137352854013443,0.5912413001060486,0.07466679811477661,-0.023987751454114914,0.4691326916217804,-0.35490483045578003,0.45031505823135376,0.014428302645683289,0.5215356349945068,-0.31431758403778076,0.2410607486963272,0.3643812835216522,-0.0816192477941513,-0.3013550341129303,-0.5425699353218079,-0.379572331905365,0.36634451150894165,-0.3890330195426941,0.21201728284358978,0.3380645215511322,-0.42341071367263794,0.1783176213502884,0.46414002776145935,-0.11489763855934143,0.4307286739349365,0.31567221879959106,0.20651836693286896,0.3434632122516632,-0.3020778000354767,-0.7258544564247131,-0.07343441992998123,-0.5791659355163574,-0.4594370424747467,1.012455701828003,0.43540698289871216,0.9271580576896667,0.4776761531829834,0.4263187646865845,-0.10363931208848953,-0.2754232585430145,0.11108595132827759,-0.553135097026825,0.023617325350642204,-0.7090786099433899,-0.02950119972229004,-0.0028843097388744354,-0.4567599594593048,0.5747179985046387,-0.4371507465839386,-0.6448633670806885,-0.494231641292572,-0.15607912838459015,0.16652879118919373,0.5454015135765076,0.27452877163887024,-0.470907598733902,-0.026539381593465805,-0.3438635468482971,-0.8326700925827026,0.15380533039569855,0.4503125846385956,-0.14596517384052277,-0.8958602547645569,-0.3312371075153351,0.4651831388473511,0.08261691778898239,-0.42279237508773804,-0.31864485144615173,-0.39309826493263245,-0.27929359674453735,-0.5990467667579651,0.7878963351249695,0.06896962970495224,-0.5368424654006958,0.2423487901687622,0.5044606924057007,0.02716580033302307,-0.09212495386600494,-0.2659057080745697,-0.7415087819099426,-0.1443978250026703,0.4461076855659485,0.384933739900589,-0.007353018969297409,-0.08266077935695648,0.4098109006881714,-0.21710236370563507,-0.006753295660018921,0.02978254109621048,0.5555269122123718,-0.08667011559009552,-0.5910613536834717,0.6525377035140991,0.18237438797950745,0.6590533256530762,-0.8777820467948914,0.24865181744098663,0.15144918859004974
dataset/processed\22102024\22102024_face_003.jpg,22102024,0.31598174571990967,0.9194256067276001,-0.8846237063407898,-0.10967530310153961,-0.872574508190155,0.09404793381690979,0.31047746539115906,-1.6625624895095825,0.03127538412809372,0.3874393105506897,0.06267271190881729,-0.2535805106163025,0.5208052396774292,-1.1234090328216553,0.6526041030883789,0.3149139881134033,0.32981154322624207,1.23207688331604,0.14457117021083832,-0.4497831463813782,-0.06156699359416962,-0.6433948278427124,0.014996141195297241,0.17330263555049896,0.12069597840309143,0.81983482837677,0.9932417869567871,0.0639430582523346,-2.285252094268799,0.866263747215271,-0.3271949887275696,0.8203617930412292,0.5920692682266235,0.5920916199684143,1.2863686084747314,-0.7382909059524536,0.6117650270462036,-1.6373834609985352,0.9181134104728699,0.6509100198745728,0.04181588441133499,0.00434558279812336,1.3095899820327759,0.1276843100786209,0.9735807180404663,-0.9368867874145508,0.34533771872520447,-0.05933666229248047,1.0062353610992432,-0.16968625783920288,1.353882908821106,-1.4669411182403564,-0.1181250587105751,-0.5661564469337463,1.0220420360565186,0.1955132782459259,0.2218492478132248,-0.1442466825246811,-0.905131459236145,0.08608294278383255,1.0124180316925049,-0.2524053156375885,0.40573814511299133,0.01579834520816803,0.9036171436309814,-0.9841548800468445,-0.9920101165771484,0.0992593765258789,0.1846812665462494,-0.44827356934547424,1.3494923114776611,0.12414798140525818,0.5535197257995605,-0.5293259620666504,1.3535598516464233,-0.9337952136993408,0.6990095376968384,0.22632142901420593,0.8422479033470154,-0.9921042919158936,0.06963983923196793,0.5184335708618164,0.1421998143196106,0.3803302049636841,0.2003994882106781,0.6514616012573242,-0.14953181147575378,-0.8882346153259277,-0.34590548276901245,-0.6894342303276062,-1.106231689453125,0.7910183072090149,0.056304898113012314,1.0301425457000732,0.5435149073600769,0.008493015542626381,-0.678615391254425,0.3212995231151581,-2.0622379779815674,0.05973891168832779,1.5373700857162476,0.36751502752304077,0.12626013159751892,-1.2150189876556396,-1.417612075805664,-1.523040533065796,-1.561935305595398,-0.4970695674419403,-1.6934800148010254,-0.7080168128013611,-0.661844789981842,0.9335123896598816,-0.0447135865688324,0.19347479939460754,-0.7080565690994263,0.5671463012695312,0.05634663999080658,0.377804160118103,0.2229914367198944,2.348642587661743,-0.3555612564086914,-1.0165722370147705,2.2971479892730713,-0.1857801377773285,-0.8068087697029114,0.17112082242965698,0.8430066108703613,0.3378458619117737
dataset/processed\22102024\22102024_face_004.jpg,22102024,0.2886311411857605,-1.2606350183486938,0.05397535115480423,1.2106704711914062,-0.3378066122531891,-1.6107001304626465,0.06529711186885834,-1.2358713150024414,-0.3102453649044037,1.0081202983856201,-0.9338905215263367,-0.5701700448989868,1.9423744678497314,-1.293516755104065,0.4838879704475403,0.7982149124145508,1.8159340620040894,0.602832555770874,0.5386172533035278,-0.7619122266769409,-0.21330934762954712,0.638055682182312,0.4551909565925598,0.6683828234672546,-0.4504930078983307,0.1602010428905487,0.35600969195365906,-0.0496850311756134,-0.551815390586853,-0.24248147010803223,-0.6551653146743774,0.4724081754684448,0.5181282758712769,0.20436763763427734,1.5587295293807983,0.22493910789489746,-0.39968302845954895,-0.36508479714393616,-0.26011213660240173,0.5159540772438049,-0.17808116972446442,0.8870972990989685,1.6536885499954224,0.7559533715248108,1.011260747909546,-0.6147611737251282,-0.513792097568512,0.44767120480537415,0.5680798888206482,1.617408037185669,0.3757707476615906,-2.3416402339935303,-2.315587043762207,0.558540403842926,0.8023841381072998,-0.49233201146125793,-0.5314263701438904,-0.6128930449485779,-2.227480411529541,-0.8227299451828003,-1.2616206407546997,-2.2084391117095947,0.41050562262535095,-1.509007215499878,-1.5958359241485596,-0.20726753771305084,-1.609902262687683,0.09165474027395248,-0.8280036449432373,-0.0994236022233963,0.287219375371933,0.15736719965934753,0.867173433303833,-0.7844616174697876,1.4503087997436523,-1.7423880100250244,-0.6000301837921143,-0.5351753830909729,0.02870095521211624,-0.27552270889282227,0.24952760338783264,-0.09669724106788635,-0.7439066767692566,-0.232661634683609,0.1743505299091339,0.2854474186897278,0.021677030250430107,-0.8212509155273438,-0.2828752398490906,0.010479404591023922,0.14394761621952057,1.9140028953552246,0.5811776518821716,0.5330981612205505,0.06484069675207138,-0.5433592796325684,-0.5257868766784668,1.6151708364486694,-2.299745559692383,-1.089823842048645,1.8070441484451294,0.3563799262046814,0.2573322653770447,-1.5090811252593994,0.15241670608520508,-1.6915839910507202,-0.35343748331069946,-1.2952864170074463,-1.7074252367019653,-0.7060107588768005,0.3991971015930176,0.4928646683692932,0.4045191705226898,0.6172542572021484,-0.8359050154685974,-1.3822773694992065,0.8852111101150513,-1.0873887538909912,-0.14253243803977966,0.9443415999412537,-0.8414461612701416,-1.6799161434173584,1.3163880109786987,-0.14990149438381195,-0.5042515993118286,0.786832869052887,-0.2540266215801239,1.5505249500274658
dataset/processed\22102024\22102024_face_005.jpg,22102024,0.7540868520736694,-0.2718532979488373,-1.9779040813446045,0.8340884447097778,-0.40021395683288574,-0.5827578902244568,-1.074615478515625,-0.9450123906135559,0.6800121665000916,0.44983041286468506,-1.1166775226593018,-0.2489173859357834,-0.960026741027832,-1.2236088514328003,-0.1756485402584076,0.04621654748916626,1.9190024137496948,0.1440523862838745,0.7945294380187988,-1.584186315536499,-0.36760440468788147,-0.21176420152187347,-1.0084788799285889,0.3009733557701111,0.32005131244659424,-0.6141310334205627,-0.20783370733261108,0.7120505571365356,-0.25582075119018555,1.1350438594818115,0.732940673828125,0.4661629796028137,0.299355685710907,0.4306923747062683,0.24331173300743103,0.006464894860982895,-0.4237568974494934,-0.19872823357582092,-0.2047879993915558,0.06400398164987564,-0.7719045281410217,0.8076393008232117,0.06377558410167694,0.12131766974925995,0.17572955787181854,-0.2161753624677658,-0.9510083794593811,1.0256576538085938,0.374594509601593,0.8614637851715088,0.8015274405479431,-1.9541566371917725,0.32143092155456543,0.5634737014770508,0.6203471422195435,0.6834538578987122,-0.32783499360084534,-1.4579479694366455,-0.42814016342163086,-1.1087870597839355,-2.1670291423797607,-0.38975054025650024,-0.2020569145679474,0.7501876950263977,0.9758131504058838,0.40647339820861816,-0.6521214246749878,-0.281046062707901,-1.0347557067871094,-0.3831380009651184,1.4206311702728271,-0.5611422061920166,1.1921014785766602,-1.0932724475860596,0.3786129951477051,-0.14378033578395844,0.6185175180435181,0.8566285371780396,-0.06911586970090866,-0.4370730519294739,-0.4114246666431427,-0.00651988759636879,-0.6387791633605957,-0.6762963533401489,0.20454713702201843,-0.8163316249847412,-0.9553823471069336,-0.8467888832092285,-0.7378379106521606,1.034714937210083,1.6908856630325317,0.8077982664108276,-1.6911593675613403,0.23542237281799316,-0.04650592803955078,-0.41651731729507446,0.0604957677423954,0.6574744582176208,-1.7891206741333008,0.0690077617764473,0.838945209980011,0.6968041062355042,0.9644395709037781,-0.9215850234031677,-0.47836369276046753,-0.2721191644668579,-0.3446701467037201,-0.7213715314865112,-0.7121639251708984,-1.4330238103866577,-0.2803795039653778,0.2976764142513275,-1.1595033407211304,0.878984808921814,0.14108769595623016,-0.864165186882019,0.698967456817627,-0.11673684418201447,0.225660502910614,1.0150377750396729,0.5147031545639038,-1.5582367181777954,1.330268144607544,-0.25928881764411926,0.27716225385665894,-0.803697943687439,0.7347642779350281,0.1272212713956833
dataset/processed\22102024\22102024_face_006.jpg,22102024,-0.3635839819908142,-0.5854305028915405,0.23459041118621826,1.9429271221160889,-0.8999813199043274,-1.1372578144073486,-0.4951515197753906,-0.5023860335350037,0.3927844166755676,0.527462363243103,-1.3888713121414185,0.08943304419517517,1.4826778173446655,-1.7256942987442017,-0.1627691686153412,1.0114532709121704,1.2587217092514038,1.276649832725525,0.8712462782859802,-0.01299592386931181,0.058825865387916565,0.8480314612388611,-0.8550783395767212,1.3274680376052856,-0.9141146540641785,0.5170955657958984,-0.27588024735450745,0.63871169090271,0.2424229085445404,-0.18771964311599731,-0.6975553035736084,0.6949172019958496,-0.5231640934944153,0.36270564794540405,1.1644521951675415,-0.7595025897026062,-1.1389994621276855,-1.1564645767211914,-1.2327969074249268,0.9433008432388306,-0.0955037921667099,0.06099420040845871,1.5967535972595215,1.2021081447601318,1.9745347499847412,-0.33811283111572266,0.4310367703437805,1.137337565422058,0.6878224015235901,1.3514549732208252,0.3470163345336914,-1.8416376113891602,-1.7436132431030273,1.6088662147521973,-0.060843441635370255,-0.4523457884788513,0.0442771352827549,-1.4137338399887085,-2.037288188934326,0.05080278962850571,-1.8572847843170166,-1.1402482986450195,0.4634731709957123,-1.5313377380371094,-1.1906678676605225,0.16326184570789337,-0.23779785633087158,-0.1359085887670517,-1.0066304206848145,-0.8772498369216919,0.33977964520454407,-0.7538267374038696,1.2568812370300293,0.27775633335113525,0.9468914866447449,-2.037196636199951,-0.39438146352767944,-0.13130199909210205,-0.034972939640283585,-0.06142957881093025,0.6960528492927551,-1.7202385663986206,-0.7500957250595093,-1.4683475494384766,0.21783912181854248,0.09639862924814224,-0.4912961721420288,-0.02032652497291565,0.4948556125164032,0.412299782037735,0.2997691333293915,1.3751617670059204,0.4526195228099823,-0.2838265001773834,0.2650564908981323,-0.5512409210205078,0.16772811114788055,1.231290340423584,-1.5636143684387207,-0.6176901459693909,1.9038337469100952,0.48183369636535645,0.6830855011940002,-0.6529432535171509,-0.09977133572101593,-1.0361546277999878,-0.6779479384422302,-0.4473283588886261,-1.495222806930542,-0.4865340292453766,0.47885680198669434,0.2481568306684494,-0.1729949414730072,0.3341449797153473,-1.094490885734558,-1.9202765226364136,0.7994478940963745,-0.8440516591072083,0.06847444176673889,-0.2434518188238144,-0.84123694896698,-1.5147461891174316,0.6910703182220459,0.04656624048948288,0.33423948287963867,0.9008933901786804,-0.013635735027492046,1.4549046754837036
dataset/processed\22102024\22102024_face_007.jpg,22102024,-0.16086308658123016,-1.1714502573013306,-0.12955939769744873,1.9648046493530273,-0.5529630184173584,-1.4021168947219849,0.6054395437240601,-1.4791165590286255,0.4198920726776123,0.48443642258644104,-0.4640863835811615,-0.7922682166099548,1.1159653663635254,-1.6348907947540283,-0.24827426671981812,0.4365823268890381,1.0452879667282104,1.111263632774353,-0.10236482322216034,0.008792868815362453,0.09566307067871094,0.45232686400413513,-0.09240643680095673,0.6690160632133484,-0.20579595863819122,0.4634365141391754,1.0627985000610352,0.01705825701355934,-0.6398016214370728,0.28467151522636414,-0.391605019569397,1.0963338613510132,0.26222023367881775,0.5422074794769287,0.8261083364486694,-0.20411257445812225,-0.6122327446937561,-1.0876514911651611,-0.31231820583343506,0.9257322549819946,0.21254926919937134,0.053262777626514435,1.3954359292984009,0.5944862961769104,1.576483130455017,-0.14513954520225525,-0.2523668706417084,0.8062357902526855,0.37288135290145874,1.9471724033355713,-0.10276457667350769,-2.4491539001464844,-1.0735646486282349,1.2439321279525757,0.40383490920066833,-0.3103775382041931,-0.5253588557243347,-0.395500123500824,-1.4524203538894653,-1.2018193006515503,-1.6935807466506958,-1.658727765083313,0.4727880358695984,-1.3191672563552856,-0.9935855269432068,0.08304325491189957,-1.2845194339752197,-0.4376929700374603,-1.0253254175186157,-0.9232652187347412,0.057469043880701065,-1.0430432558059692,1.8939274549484253,-0.7768523693084717,0.13720332086086273,-2.4482767581939697,0.10927195847034454,-0.35481730103492737,0.26388028264045715,0.2143927663564682,0.32163235545158386,-1.2974331378936768,-0.2659083902835846,-0.41718488931655884,0.3702322542667389,0.8734954595565796,-0.1509232521057129,0.20297662913799286,0.7429111003875732,0.6215429306030273,0.4225901961326599,1.769956350326538,-0.004619568586349487,0.3347930312156677,0.28306281566619873,-0.5459808111190796,0.05289948359131813,0.2851429879665375,-2.4807324409484863,-0.7999475002288818,1.5562455654144287,0.750216543674469,1.2102644443511963,-0.8979036808013916,-0.18679523468017578,-1.074178695678711,0.22412025928497314,-0.7181122303009033,-1.303513765335083,-0.9000479578971863,1.0705476999282837,-0.015048675239086151,0.2707916498184204,1.0773872137069702,-0.4946110248565674,-1.4843939542770386,0.529892086982727,-0.33907046914100647,0.6545004844665527,0.1656993329524994,-1.149542212486267,-1.2049624919891357,1.1997605562210083,-0.46128135919570923,-0.8214691281318665,1.1105406284332275,0.6810938715934753,1.7272754907608032
dataset/processed\22102024\22102024_face_008.jpg,22102024,0.058997251093387604,-0.3651374876499176,0.04166781157255173,1.5224030017852783,0.35264191031455994,0.4541487693786621,-0.43529781699180603,-0.8675706386566162,1.5217396020889282,-0.21446043252944946,-1.6428067684173584,-0.5249619483947754,1.0474551916122437,-1.0202343463897705,-1.6889209747314453,-0.4116974472999573,0.39913585782051086,0.5924150347709656,0.27287229895591736,-0.6836459636688232,0.5048878192901611,1.0905283689498901,-1.335368037223816,-0.5677170157432556,0.46291208267211914,-0.005724072456359863,0.8129607439041138,0.46076297760009766,-0.3997933864593506,0.5383078455924988,-0.27926647663116455,0.7892413139343262,-0.17938688397407532,-0.7419422268867493,0.4385339021682739,-0.35707300901412964,-0.5788962244987488,-1.8037821054458618,-1.050220012664795,1.3342307806015015,1.354748249053955,-0.26428478956222534,1.2920112609863281,1.302472472190857,1.2132253646850586,0.03477327525615692,-0.38091328740119934,1.3363041877746582,-0.4654727578163147,0.9791727066040039,-1.2022511959075928,-0.9721007347106934,-0.5793358087539673,2.137988567352295,-0.3947933614253998,-0.7266921997070312,0.809736967086792,-1.6140152215957642,-1.8440606594085693,-1.944847583770752,-1.646766185760498,-1.5175127983093262,0.8540770411491394,0.2568584680557251,-0.975840151309967,0.32011520862579346,-0.6865358352661133,-0.4980882406234741,-1.1810659170150757,-2.2113986015319824,0.03979106992483139,-0.17062078416347504,0.5326958894729614,-0.2966773808002472,-0.08875586092472076,-1.77790105342865,1.0997716188430786,1.0729564428329468,0.9364169239997864,0.7502870559692383,0.15494731068611145,-0.9967905282974243,0.7214469313621521,-0.6705147624015808,0.8945067524909973,-0.24928081035614014,-0.033343009650707245,-0.10403108596801758,0.29741841554641724,1.0612319707870483,0.12978674471378326,0.48377177119255066,-0.02595088817179203,-0.20879417657852173,0.39888837933540344,0.2071709930896759,0.055948685854673386,-0.15251381695270538,-1.8048434257507324,-0.9060838222503662,1.4204237461090088,1.631895661354065,1.1503162384033203,-0.5042394399642944,-1.436901330947876,0.189425989985466,-1.1690694093704224,-0.23316064476966858,-0.4216945469379425,-1.2594300508499146,0.6682230830192566,-0.3294273614883423,0.23124027252197266,1.1867598295211792,-0.49845242500305176,-0.5032361149787903,0.5075831413269043,0.2480604201555252,0.6244910359382629,-0.7663753628730774,-0.6368926763534546,-0.31274300813674927,1.4835937023162842,-0.32021841406822205,0.4894828200340271,0.4220535457134247,0.7713791131973267,1.8180066347122192
dataset/processed\22102024\22102024_face_009.jpg,22102024,0.3779824674129486,-0.9787083864212036,-0.494573712348938,1.2645269632339478,-1.4239858388900757,-0.3861317038536072,-0.27420902252197266,-0.8034229278564453,1.2617863416671753,-0.03654414415359497,-0.7943863868713379,-0.49172335863113403,-0.05953577160835266,-0.7869913578033447,-0.9635775089263916,0.7352408766746521,0.12684296071529388,1.4357798099517822,-0.21248674392700195,-0.7543116211891174,-0.35822510719299316,-0.06472840160131454,-0.37388136982917786,-0.7491690516471863,1.4537312984466553,0.6359313726425171,0.9897322654724121,0.6103450655937195,-0.09198664128780365,0.31717535853385925,-1.2011651992797852,1.4932008981704712,0.13553199172019958,-0.09602008014917374,0.511248767375946,0.838641345500946,-1.36196768283844,-0.2295832633972168,-1.0755550861358643,1.5988057851791382,1.3839566707611084,0.983428955078125,1.516103982925415,0.16833218932151794,1.3372853994369507,-0.0645739734172821,-0.01764042116701603,0.6349250078201294,0.4475412964820862,0.9712727069854736,-0.09425409138202667,-1.5783991813659668,0.542603075504303,1.587408423423767,0.814243495464325,-0.8921459317207336,-0.6709342002868652,-0.048251453787088394,-0.8805785179138184,0.23248931765556335,-0.19754856824874878,-1.134724736213684,-0.1827794909477234,-0.17158035933971405,1.3506416082382202,0.3923081159591675,-0.5004992485046387,0.8316426873207092,0.8404139876365662,-1.4463943243026733,-0.4494566321372986,0.4647887051105499,0.013918668031692505,-0.4664788842201233,0.459968626499176,-1.6296567916870117,0.2283763587474823,0.24509702622890472,1.691211462020874,0.17382703721523285,0.5632814168930054,-0.5890774726867676,1.4396084547042847,-1.1342177391052246,-0.4570676386356354,-0.09312852472066879,-0.2654966711997986,0.12875708937644958,0.2694481313228607,1.152296781539917,0.3130946755409241,1.0629535913467407,0.2588081359863281,0.38147056102752686,-0.3478504717350006,0.6792961359024048,-1.2895925045013428,0.6315534114837646,-1.279644250869751,0.9257761240005493,1.3796465396881104,0.6243505477905273,0.24979251623153687,-0.27282223105430603,-1.0335477590560913,-0.48928290605545044,-1.2992959022521973,0.533644437789917,-2.0173206329345703,-1.3516970872879028,1.2667158842086792,0.48638278245925903,-0.3406405448913574,0.6382386684417725,-0.2762160003185272,-0.5082049369812012,0.317049115896225,0.27456462383270264,1.6117480993270874,-0.07284178584814072,0.53864985704422,-1.0971176624298096,0.6848711371421814,-0.5020471215248108,-0.3738413453102112,0.5451611280441284,0.6879949569702148,1.1491636037826538
dataset/processed\22102024\22102024_face_010.jpg,22102024,0.7973177433013916,-0.312127947807312,-1.4419078826904297,-0.2394390106201172,-0.49450042843818665,-0.015368105843663216,0.10918007791042328,-1.4839327335357666,0.3361714482307434,2.1785736083984375,-0.4412553906440735,-2.054165840148926,-1.2202138900756836,-0.8831321001052856,-0.14109495282173157,0.5101615190505981,0.6588749885559082,1.613603115081787,0.16621938347816467,-1.7871804237365723,1.2312507629394531,-0.7929648756980896,0.872004508972168,0.0882665365934372,0.678548276424408,1.0284103155136108,0.8103649616241455,-1.1636382341384888,-1.7123072147369385,1.4673571586608887,0.45005765557289124,1.6801916360855103,0.5844202637672424,2.0598998069763184,2.705125570297241,0.579177737236023,-0.7417242527008057,-0.005375675857067108,0.7491159439086914,0.7582880258560181,0.6978083848953247,0.3403332829475403,1.7179356813430786,0.14266686141490936,0.8396205306053162,-1.1534349918365479,-0.681892454624176,0.7430495023727417,0.04926019906997681,-0.07307283580303192,0.9703577756881714,-1.645751714706421,-0.1306944191455841,0.2673439681529999,1.3116401433944702,-0.06930233538150787,0.09183929860591888,-1.1515008211135864,-1.6672784090042114,-2.8354718685150146,-0.5313504338264465,-0.976639449596405,-0.556063711643219,-0.519559919834137,0.11316851526498795,-0.677011251449585,-1.3439818620681763,0.04481589421629906,0.17533078789710999,-0.24068261682987213,1.9079910516738892,-0.19845086336135864,0.5030887722969055,-0.8615844249725342,0.5510399341583252,-1.2739534378051758,0.27807995676994324,-0.805324137210846,-0.16384154558181763,-1.1891299486160278,0.9801153540611267,0.5986146926879883,0.8334758281707764,0.5572628378868103,0.943440318107605,0.8269386291503906,-0.30810898542404175,-0.12713706493377686,0.3203514516353607,1.2987374067306519,-1.8584738969802856,1.2447117567062378,-0.014608055353164673,3.2906618118286133,0.34222114086151123,-0.08596426993608475,-0.22655166685581207,0.6374505162239075,-1.7948789596557617,0.6095805764198303,1.0415356159210205,-0.2493264377117157,-1.0084421634674072,-1.425765037536621,-1.5186231136322021,-0.9371275901794434,-1.326938271522522,1.1396701335906982,-1.5262612104415894,-0.48177072405815125,0.12919627130031586,0.762009859085083,-0.43211182951927185,0.5817824006080627,-0.5476056337356567,-0.012669820338487625,1.1101224422454834,-1.8980801105499268,-0.1409672498703003,-0.2340640425682068,1.0189718008041382,-0.6981757879257202,0.9994810223579407,-1.0884065628051758,-1.2772711515426636,0.2404816746711731,0.3963669538497925,-0.25119057297706604
dataset/processed\22102024\22102024_face_011.jpg,22102024,0.5239511728286743,-1.729909062385559,-0.2855305075645447,1.339828372001648,-0.6581662893295288,-0.18316754698753357,0.4270772933959961,-0.38463079929351807,0.7509312033653259,1.522650957107544,-1.3681323528289795,-0.7405038475990295,-0.2388858199119568,-0.9172888994216919,-0.6775600910186768,0.9786236882209778,0.8453468084335327,1.2550314664840698,0.06595178693532944,-0.5359926819801331,0.5710122585296631,-0.26821833848953247,-0.03286653012037277,-0.24957045912742615,-0.24423711001873016,0.32550477981567383,1.0455971956253052,-1.555233120918274,-1.2041908502578735,0.8641398549079895,-0.49496129155158997,1.023404836654663,-0.947769045829773,0.08344259113073349,1.08486807346344,0.547095537185669,-1.6820052862167358,-0.4841664433479309,0.05084215849637985,1.2881351709365845,0.5375953316688538,0.13105329871177673,1.6053133010864258,0.8613530397415161,1.8144885301589966,-0.4455883800983429,0.09352470934391022,1.1717365980148315,-0.3095259368419647,1.2287441492080688,-0.4011266827583313,-1.1586685180664062,-1.1124796867370605,1.2251113653182983,1.0460933446884155,-1.7984015941619873,-0.5576992034912109,0.004227019846439362,-1.27326238155365,-1.3123962879180908,-1.2817414999008179,-2.28753399848938,0.6114701628684998,-1.2572447061538696,0.38994622230529785,-0.23852159082889557,-1.4465665817260742,0.3054244816303253,-1.6125860214233398,-0.8641465902328491,0.01279265247285366,-0.24900567531585693,1.1374722719192505,-0.5293817520141602,1.30427086353302,-2.1909594535827637,-0.8821576833724976,0.33988502621650696,0.03705969452857971,0.14991100132465363,0.03069879114627838,-1.055177927017212,0.24016569554805756,-0.6853364109992981,-0.6561267971992493,0.48548623919487,-1.1967371702194214,-0.6377395391464233,-0.07666488736867905,0.6058927774429321,0.3608051538467407,1.3964262008666992,-0.10150492191314697,0.46106258034706116,-0.34990355372428894,0.19955109059810638,-0.3690779507160187,0.8203107714653015,-1.5416626930236816,0.3749387562274933,0.8592805862426758,0.7398297190666199,-0.34552887082099915,-0.7985415458679199,-0.8955987691879272,-1.7817496061325073,-0.9637155532836914,0.6672321557998657,-1.3611305952072144,-0.5326449871063232,1.0054669380187988,0.20998167991638184,1.44466233253479,-0.06149992346763611,-0.5929335355758667,-1.1628986597061157,0.6238187551498413,-0.23250964283943176,0.12380365282297134,-0.6894624829292297,-0.3485220670700073,-1.7524210214614868,0.5643787384033203,-0.8172802329063416,-1.5735329389572144,0.4232630431652069,-0.47504130005836487,0.5227797627449036
dataset/processed\22102024\22102024_face_012.jpg,22102024,0.577344536781311,-1.5431734323501587,0.48859402537345886,1.2424428462982178,-1.086105465888977,-0.8515539765357971,0.5814274549484253,-0.3172765374183655,0.4858717620372772,1.0340148210525513,-1.759697437286377,-1.308117389678955,0.5253282785415649,-0.881129264831543,-0.9858652353286743,0.811906099319458,0.40252476930618286,0.9701255559921265,0.5901764631271362,-2.0322678089141846,0.5230112075805664,0.3109796345233917,-0.22458139061927795,-0.31357434391975403,-0.2511207163333893,-0.7484958171844482,1.0570555925369263,0.07993587851524353,-1.6079199314117432,0.4028058648109436,-1.7864577770233154,1.3834868669509888,-0.33734747767448425,0.425545334815979,1.0222058296203613,0.19703537225723267,-1.3061093091964722,-0.4518355131149292,0.27707621455192566,1.2641112804412842,0.5723211765289307,-0.21736368536949158,1.1017755270004272,-0.288591206073761,1.2211189270019531,0.09815677255392075,-0.37292903661727905,1.4736872911453247,-0.7411444187164307,1.0005184412002563,-0.9747291207313538,-0.9326893091201782,-1.0764257907867432,2.2209231853485107,0.8270111680030823,-0.4774757921695709,-0.5903887152671814,-0.3127603232860565,-2.237323760986328,-1.3853635787963867,-2.0049479007720947,-2.39339017868042,0.042614955455064774,-0.791256308555603,0.5664553046226501,-0.8046407699584961,-1.0158371925354004,0.0498855896294117,-2.482936143875122,-1.0731452703475952,0.27241504192352295,0.4421992003917694,1.688995122909546,-0.7086085081100464,0.8064079284667969,-2.2828457355499268,-0.7127072811126709,0.7616763114929199,0.4686153531074524,0.15390382707118988,0.7365044355392456,-1.2496988773345947,0.34725937247276306,-1.3955111503601074,-0.3426242768764496,0.07672754675149918,-0.4533870816230774,-0.797103762626648,0.14991900324821472,0.6359606981277466,0.6614872813224792,1.918540358543396,0.05884852632880211,0.10745906829833984,0.45523184537887573,-0.10220605134963989,-0.6073125004768372,0.7238947749137878,-1.3183326721191406,0.013759134337306023,1.464295506477356,1.4217889308929443,-0.05667273700237274,-1.1860774755477905,-0.64138263463974,-1.1203988790512085,-1.0106709003448486,-0.45597967505455017,-1.2095935344696045,-1.0443470478057861,0.7435625195503235,-0.27506816387176514,0.25775307416915894,0.6138280630111694,-0.9505336880683899,-1.316199541091919,1.1253938674926758,0.3515763282775879,-0.059623487293720245,0.07307986915111542,-1.6409434080123901,-1.041473388671875,1.0446703433990479,-0.2081959992647171,-0.7867811322212219,2.0434317588806152,0.11407049745321274,1.4577763080596924
dataset/processed\22102024\22102024_face_013.jpg,22102024,0.4023844301700592,-1.345091462135315,0.7352870106697083,1.875958800315857,-0.053573690354824066,-1.8069204092025757,1.8618141412734985,-1.648959994316101,0.6662189364433289,0.6315077543258667,-0.8186284303665161,-1.0663901567459106,1.3587596416473389,-0.7704442739486694,-0.9778220653533936,1.2413947582244873,0.2812446057796478,1.0464808940887451,-0.5955098867416382,-0.32784944772720337,0.7973922491073608,1.1250346899032593,-0.9532349705696106,-0.07746493071317673,0.6857184767723083,1.1404598951339722,1.3260878324508667,0.6471468806266785,-0.4893863797187805,0.6177878975868225,-0.42221012711524963,2.0712666511535645,-0.5581088662147522,-0.36017856001853943,0.6307908296585083,-0.7966843247413635,-1.653939127922058,-1.4336228370666504,-0.9333633780479431,1.4764604568481445,-0.37299486994743347,0.42701485753059387,1.6867687702178955,-0.44141021370887756,2.0482587814331055,-0.29518842697143555,-0.27438995242118835,1.0674068927764893,1.2214494943618774,1.7579398155212402,0.07017315924167633,-1.9297500848770142,-1.4657528400421143,0.4095610976219177,0.8328348994255066,-2.4082863330841064,0.2590470612049103,0.5270910859107971,-1.5389840602874756,-0.54643714427948,-1.8016712665557861,-1.8081445693969727,0.7469342350959778,-0.9931159019470215,-0.7653982639312744,0.408594012260437,-0.3583219647407532,0.4290285110473633,-0.024766311049461365,-0.4685920774936676,0.15596535801887512,-0.8275774717330933,1.7847142219543457,-0.24036292731761932,-0.2816000282764435,-2.7008304595947266,0.3088017702102661,0.3140178918838501,0.7124327421188354,0.7387610077857971,-0.24638184905052185,-0.7483023405075073,0.8172361254692078,-1.305285096168518,-1.0725377798080444,1.8807660341262817,-0.4987531304359436,-0.8147057890892029,0.8635749816894531,0.9122321009635925,1.7889442443847656,2.4598891735076904,0.5986924171447754,0.44274961948394775,0.6512531042098999,0.44776272773742676,-0.8205808401107788,1.525393009185791,-1.9933817386627197,-0.5191575884819031,1.3966026306152344,0.7400103807449341,1.0600204467773438,-2.0390844345092773,-0.8152194619178772,-1.6458512544631958,-0.7154838442802429,0.5744072198867798,-1.8340641260147095,-0.5125020742416382,0.18312011659145355,-0.05400863289833069,0.7736531496047974,0.8232313990592957,0.6322585344314575,-0.666407585144043,1.3270504474639893,0.00839041918516159,0.2999217212200165,-0.1409926414489746,-0.6669935584068298,-0.4618102014064789,0.6491450667381287,-0.9999151825904846,-0.317485511302948,0.7264358401298523,-0.3788994252681732,0.501830518245697
dataset/processed\22102024\22102024_face_014.jpg,22102024,-0.4766167104244232,-0.7403701543807983,0.076321080327034,2.3564867973327637,-0.1480252742767334,-0.18025492131710052,0.1449100822210312,-2.1127986907958984,1.3879473209381104,0.17767278850078583,-0.4176356792449951,-0.8869010806083679,0.1730436533689499,-1.1156409978866577,-0.9087027311325073,0.12680943310260773,0.8091162443161011,0.5638946294784546,-1.1979827880859375,-0.11397312581539154,0.9811869859695435,0.4528202414512634,-0.45794716477394104,-0.42799872159957886,1.0739777088165283,0.44607609510421753,0.8225469589233398,0.06789128482341766,0.7281826138496399,1.2924065589904785,-0.15449513494968414,0.8303889632225037,-0.4921223819255829,-0.32063692808151245,1.1699566841125488,-0.312081903219223,-0.6847586035728455,-0.5701438188552856,-1.5140750408172607,1.4428926706314087,1.124091625213623,0.16202419996261597,1.1185442209243774,-0.07668577134609222,1.9788415431976318,-0.05116966366767883,0.19181005656719208,1.1353318691253662,1.1570525169372559,0.8846536874771118,-0.5956364870071411,-1.8589445352554321,0.08333902060985565,0.9755219221115112,-1.0012052059173584,-1.0705698728561401,0.6277574896812439,-0.2943582534790039,-0.6433782577514648,-0.9857867956161499,-0.8182385563850403,-0.8310348987579346,0.31823113560676575,-0.1246105283498764,-1.0638278722763062,0.9246636629104614,0.4173130989074707,0.23252269625663757,0.33577200770378113,-1.071096420288086,0.4012579619884491,-1.118156909942627,1.1269339323043823,-0.5206986665725708,-0.15375488996505737,-2.509363889694214,2.4578094482421875,0.7144247889518738,0.08644019812345505,0.5105462670326233,-0.5030244588851929,-1.71137535572052,0.4271353781223297,-0.7345450520515442,-0.8979464173316956,1.2412536144256592,0.3538420498371124,-0.9303622841835022,0.2379133105278015,0.46303385496139526,0.8738614320755005,1.1424124240875244,0.7586593627929688,0.1113581731915474,0.5381507277488708,0.47425100207328796,0.41759368777275085,0.7795012593269348,-2.4596219062805176,0.1322350800037384,0.9376544952392578,1.1318720579147339,1.201724886894226,-0.05944763123989105,-0.00506330281496048,0.32922184467315674,-0.5946273803710938,-0.7377294301986694,-0.9812679290771484,-0.10898912698030472,0.4290812611579895,0.06416941434144974,0.16705195605754852,1.043597936630249,-0.39995288848876953,-0.9020168781280518,-0.5547304153442383,-0.020078331232070923,0.03080938756465912,-0.3515227735042572,-0.5294756889343262,-0.946230411529541,1.0522562265396118,-0.8901504874229431,0.15658901631832123,0.8910803198814392,1.1470589637756348,1.9087083339691162
dataset/processed\22102024\22102024_face_015.jpg,22102024,-0.4303416907787323,0.05650590360164642,-0.6193705201148987,0.9217163324356079,1.0955880880355835,0.534731924533844,1.0666744709014893,-1.386900544166565,-0.6551114916801453,0.34988895058631897,-0.7163558006286621,-0.22960257530212402,1.0122251510620117,-0.5780122876167297,0.6648967266082764,1.0903358459472656,0.6849954128265381,-1.0001288652420044,-0.6502331495285034,-0.758460283279419,-0.49887901544570923,0.399162232875824,-0.09847290813922882,-0.7219987511634827,-0.06738147139549255,-0.019059360027313232,1.488181710243225,0.6119649410247803,-1.3051925897598267,1.1572939157485962,0.35403984785079956,0.3405178487300873,1.119495153427124,0.00789237767457962,0.7537756562232971,-0.017269359901547432,-0.0804147943854332,-0.7071815729141235,0.318299800157547,0.8979623317718506,0.5962772369384766,0.3206581473350525,-0.6798875331878662,-0.003688804805278778,0.7812836170196533,-0.7891442775726318,0.0015622898936271667,1.0780463218688965,0.9402350783348083,0.6913584470748901,-0.8858358263969421,-0.35672032833099365,-0.2887813448905945,1.2827348709106445,0.7803792357444763,-0.3881181478500366,-0.5992400050163269,-0.3964063227176666,-0.431140273809433,-0.577256441116333,-0.8088842630386353,-1.3921557664871216,0.4905000925064087,0.10811462998390198,0.04440046846866608,-0.48983126878738403,-1.138628363609314,0.8927069306373596,0.046226866543293,0.16955016553401947,-0.34764355421066284,0.5634152889251709,0.7368146777153015,-0.2892483174800873,-0.25503450632095337,-0.7721216082572937,0.5910112857818604,0.5396230220794678,1.0664281845092773,0.5433943271636963,-1.1395195722579956,0.11473948508501053,0.26801323890686035,0.6937410235404968,0.19595322012901306,0.7040746212005615,1.2037183046340942,-1.201782464981079,-0.7322988510131836,0.35825487971305847,0.38870394229888916,1.178971290588379,0.4035239517688751,-0.8332732915878296,0.7155097723007202,0.4176025092601776,-0.1224755048751831,0.334177166223526,-1.992149829864502,0.4610427916049957,0.1525530070066452,0.9748801589012146,-1.2749489545822144,0.3778534233570099,-0.15460366010665894,-0.4614548087120056,-1.0295487642288208,-1.0580788850784302,-0.6362347602844238,-0.4218481779098511,-0.9457584619522095,0.14338931441307068,0.4052015244960785,0.5148919224739075,-0.26754024624824524,0.16671031713485718,-0.4910740554332733,0.0732048749923706,0.8272907137870789,-0.04946795105934143,0.2784632444381714,-0.48957833647727966,1.5161725282669067,-0.47110724449157715,-0.02187167853116989,-0.05644068494439125,0.9998684525489807,1.6167396306991577
dataset/processed\22102024\22102024_face_016.jpg,22102024,0.9462264776229858,0.2860002815723419,0.36513713002204895,0.591474175453186,-1.0616523027420044,0.1741492599248886,0.8303450345993042,-1.6454343795776367,0.4987315237522125,0.07433991134166718,-0.3906184732913971,-1.2623350620269775,0.7470441460609436,-1.1358866691589355,-0.21869796514511108,0.9241167902946472,0.47330212593078613,0.22931547462940216,0.32474881410598755,-0.9548001885414124,0.6409827470779419,0.535064160823822,0.8875184655189514,-1.1523514986038208,1.2758690118789673,0.36513975262641907,1.022556185722351,-0.09076923131942749,-0.3475834131240845,0.21820352971553802,-2.034014940261841,0.8902045488357544,0.4917134940624237,-0.15397724509239197,2.3433094024658203,0.5165373086929321,-1.0554288625717163,0.04590341076254845,-0.23495152592658997,0.9135510921478271,1.162448525428772,0.9321226477622986,-0.1086929589509964,-0.5456588268280029,0.9439799785614014,-0.5161656737327576,-0.5392633676528931,0.5166629552841187,1.1001975536346436,0.9433066844940186,0.32291191816329956,-0.934039294719696,0.08211952447891235,0.1699676513671875,0.7452978491783142,-0.41315823793411255,-0.0018803291022777557,-0.6297965049743652,-0.4934205412864685,-0.3717435598373413,0.695906937122345,-1.8870761394500732,0.285468190908432,-0.5950261950492859,0.09540742635726929,-0.4375333786010742,-0.09792662411928177,0.4765010178089142,0.4152466356754303,-0.06607992947101593,-0.6956042647361755,0.04712015390396118,0.047971032559871674,-1.7552857398986816,1.2920680046081543,-1.5364508628845215,0.33064696192741394,0.9961910843849182,0.48382771015167236,-0.7014760375022888,0.4327195882797241,0.5135601758956909,0.6543674468994141,-0.6620593070983887,0.29348328709602356,0.44110825657844543,0.6013631820678711,-1.6113442182540894,-0.6832743883132935,0.26401785016059875,0.05903515964746475,1.9589269161224365,1.064964771270752,0.15604987740516663,0.00040331482887268066,0.4349169135093689,-0.6393514275550842,0.22657938301563263,-1.7545604705810547,0.7350258231163025,0.5566075444221497,0.8940865397453308,-0.11451280117034912,-0.09680290520191193,-0.3039715588092804,-0.31300264596939087,-1.1874816417694092,1.277100920677185,-1.724621057510376,-0.5438113212585449,0.06721896678209305,0.24542495608329773,-0.2672216296195984,1.0582611560821533,-0.8095613718032837,0.037356361746788025,0.28422319889068604,-0.41294610500335693,0.474528431892395,0.2744462490081787,0.7443353533744812,-1.2349214553833008,0.8523605465888977,-0.7981889247894287,0.3658062219619751,0.29663777351379395,-0.3360346853733063,1.0985063314437866
dataset/processed\22102024\22102024_face_017.jpg,22102024,0.8540058135986328,-0.8885308504104614,0.04675818979740143,0.9532417058944702,0.16690976917743683,-1.10920250415802,0.9218148589134216,-1.2882449626922607,0.10567279905080795,0.7116342782974243,-1.0800079107284546,-0.8724879026412964,1.0360519886016846,-1.3641186952590942,0.5201193690299988,1.2765593528747559,1.1964495182037354,0.21851323544979095,0.1021294817328453,-0.9501175880432129,1.048429250717163,0.5105292797088623,-0.9363199472427368,0.7052635550498962,0.10055868327617645,-0.41037607192993164,0.19294491410255432,0.473640501499176,0.8887641429901123,0.5105649828910828,0.3614855408668518,1.33340322971344,1.0999877452850342,0.9904725551605225,0.7506235241889954,0.08602191507816315,-2.092296600341797,-0.3869883716106415,-2.0702877044677734,1.5576101541519165,0.8080361485481262,0.961796760559082,1.3528989553451538,0.2785104513168335,1.2964801788330078,-0.3603644371032715,0.42174211144447327,1.8454413414001465,0.323086142539978,0.8853045701980591,-0.380024790763855,-2.0547187328338623,-1.7780627012252808,2.004359722137451,0.4434911012649536,-0.838142991065979,-1.3819787502288818,-0.7840366363525391,-1.5772738456726074,-0.4756636321544647,-2.2034342288970947,-1.714815616607666,-0.5974751114845276,-1.3295960426330566,-1.0593643188476562,-0.15964098274707794,-0.8760968446731567,1.0067497491836548,0.4121936559677124,-1.0092155933380127,-0.39344340562820435,-0.7068179845809937,1.18940007686615,-0.6118035912513733,-0.8416730761528015,-1.3935511112213135,0.6522740125656128,-1.0158133506774902,0.06173499673604965,0.21223817765712738,-0.11600039154291153,-0.767615556716919,0.0918792337179184,-1.4491329193115234,0.5236972570419312,0.1433279812335968,1.0170904397964478,-0.5140402913093567,1.7232273817062378,1.6167858839035034,-0.016535349190235138,2.533707618713379,1.444483995437622,0.24123769998550415,0.7222095131874084,-0.5954420566558838,-0.5574898719787598,0.8304969668388367,-1.6192471981048584,1.0157183408737183,1.8643181324005127,0.6529396772384644,-0.19184359908103943,-0.4796087145805359,-0.18970434367656708,-0.6474098563194275,-0.47126057744026184,-0.07640661299228668,-1.3321633338928223,-0.453751802444458,-0.20295584201812744,0.04617758095264435,-0.9703421592712402,0.011534051969647408,-0.7268017530441284,-1.4626270532608032,0.6803374290466309,-0.9537959098815918,0.7185279726982117,-1.2381545305252075,-0.12137933075428009,0.6231203079223633,0.3920360207557678,-0.061602383852005005,0.7452767491340637,1.0985925197601318,-0.3783293664455414,1.9620457887649536
dataset/processed\22102024\22102024_face_018.jpg,22102024,-0.6109923124313354,-0.7412747144699097,-0.11424896121025085,0.19075703620910645,0.5289027094841003,-1.4622328281402588,0.428731232881546,0.4580076336860657,1.901962161064148,0.4801301658153534,-0.41280046105384827,-1.2442817687988281,0.258289635181427,-1.2842216491699219,0.36392179131507874,0.793192446231842,-0.9825222492218018,3.147271156311035,0.3458443880081177,-1.5648809671401978,0.44165268540382385,0.24982453882694244,-0.6082967519760132,-0.280825138092041,0.8109830617904663,0.765521228313446,1.0203707218170166,-0.4929068684577942,-0.9013376235961914,0.37990278005599976,-1.4191290140151978,0.9969771504402161,-0.026806212961673737,-0.8342918157577515,1.9775981903076172,0.2363981008529663,-1.6337393522262573,-0.33928266167640686,-0.3022642135620117,1.2113595008850098,1.1558716297149658,0.030047332867980003,1.418228268623352,-0.29742252826690674,1.9334748983383179,-0.7899655699729919,-0.7640460133552551,0.5333504676818848,1.0796711444854736,0.4257020652294159,-0.28620022535324097,0.39424410462379456,-1.0020945072174072,1.7971265316009521,0.1982717365026474,-1.466172695159912,-0.2886856496334076,-1.2900217771530151,-2.391380786895752,-0.1795365810394287,0.8088914155960083,-1.1298881769180298,0.17182360589504242,-1.06853449344635,1.1023273468017578,-0.13555727899074554,-0.614739716053009,0.9239857792854309,-0.12193621695041656,-0.9268460273742676,-0.17612804472446442,0.4592662751674652,0.12384100258350372,-0.8935220837593079,0.7796800136566162,-3.377322196960449,-0.2307475209236145,0.09709872305393219,-0.13804563879966736,0.12311148643493652,0.12755414843559265,-0.2442183494567871,0.8650946021080017,-0.8071224689483643,-0.5047942996025085,0.8737102150917053,-0.7167780995368958,-0.40593016147613525,0.1856219470500946,0.9356432557106018,-0.1341753602027893,2.426801919937134,0.9476537704467773,1.19499933719635,-1.2005525827407837,0.13266213238239288,-1.1146984100341797,1.0610275268554688,-0.8468709588050842,0.7965403199195862,1.1679004430770874,1.203683614730835,0.9717257618904114,-1.4144525527954102,0.0735601857304573,-0.2711772322654724,-2.3384668827056885,1.0506861209869385,-1.9078313112258911,0.25386106967926025,0.49917593598365784,-0.26977092027664185,-0.062489718198776245,-0.27611613273620605,-0.016896160319447517,-0.1665363907814026,0.8344942331314087,0.045734137296676636,0.7885614633560181,0.08062386512756348,-1.0739538669586182,0.2549629807472229,0.43279677629470825,-0.0004503625677898526,-0.7596325874328613,0.7685710787773132,-1.3459690809249878,0.8605125546455383
dataset/processed\22102024\22102024_face_019.jpg,22102024,-0.8940563201904297,-1.4832843542099,0.19168493151664734,1.2176461219787598,-0.03111942857503891,-0.6234320402145386,-2.1931941509246826,-0.5926673412322998,0.9676584601402283,0.6838192343711853,-1.0254440307617188,-0.8451102375984192,-0.4331481456756592,-0.7470406293869019,-0.5307366847991943,-0.3687640428543091,0.7276928424835205,2.357667922973633,-0.29035887122154236,-2.267500162124634,0.5057462453842163,-0.6048479676246643,-0.24137485027313232,0.7910950183868408,0.9431746006011963,-0.19245019555091858,0.5982394218444824,0.5279390215873718,0.16758044064044952,1.274680256843567,0.45658332109451294,1.3422014713287354,0.32479482889175415,0.36688029766082764,0.8569775819778442,0.7734390497207642,-1.4465291500091553,-0.8978844285011292,-0.9078313708305359,0.5440887212753296,1.1614536046981812,-0.31265878677368164,1.621679663658142,1.5134457349777222,2.419044017791748,0.06565280258655548,0.013559825718402863,-0.017400197684764862,0.5861721634864807,0.23344095051288605,0.3268890976905823,-1.1768831014633179,0.25615304708480835,0.25743135809898376,0.8403010368347168,0.7676036357879639,0.03884095326066017,-2.5796658992767334,-0.712273359298706,-0.9837793707847595,-0.914049506187439,-0.7821906805038452,0.04564332589507103,-0.9069356918334961,-0.205033540725708,0.11029596626758575,-0.9396440982818604,-0.07107764482498169,-1.3910609483718872,-1.3516710996627808,0.21539568901062012,0.055070966482162476,0.10085678100585938,-0.944969892501831,0.8298171162605286,-1.8627657890319824,-0.3863964378833771,0.015262681990861893,-0.6279700994491577,0.16998223960399628,0.6670840978622437,-0.4580327570438385,0.39277923107147217,0.36356088519096375,0.87151038646698,0.535714864730835,-1.1992535591125488,0.7403577566146851,-0.06122830510139465,0.39026546478271484,0.024854712188243866,2.076338529586792,-0.8244932293891907,1.3589192628860474,0.47089946269989014,-0.05016206204891205,-0.40643489360809326,-0.13121415674686432,-0.9648911356925964,-0.02825530432164669,0.9658287167549133,0.47482746839523315,0.49331656098365784,-2.216740608215332,-1.0492184162139893,-0.4500672221183777,-1.9235472679138184,0.8259066343307495,-1.0205212831497192,-0.9340769052505493,-0.0952305719256401,0.23870790004730225,-0.8883414268493652,0.06438583880662918,0.08292613178491592,-0.30975276231765747,1.9839991331100464,-0.8350328207015991,-0.7016288042068481,-0.23330263793468475,0.46039819717407227,-1.5335023403167725,1.9402999877929688,-0.8876082301139832,-0.07935895025730133,-0.34782981872558594,0.47565677762031555,0.666409969329834
dataset/processed\22102024\22102024_face_020.jpg,22102024,0.8444679975509644,-0.8015984296798706,0.3287968635559082,-0.19352000951766968,-0.6954063773155212,-0.1033865213394165,0.11185282468795776,-2.0387930870056152,0.8529015183448792,0.6695661544799805,-0.016400977969169617,-0.4023554027080536,0.29729485511779785,-0.9699678421020508,-1.0112571716308594,0.6402983665466309,1.3445249795913696,1.6170746088027954,1.5721091032028198,-0.7113438844680786,1.1484415531158447,-0.41178929805755615,0.3835850656032562,0.26662373542785645,1.3233486413955688,0.013085145503282547,0.63097083568573,-0.24302828311920166,0.3130418658256531,0.28746458888053894,-0.24372097849845886,1.6635688543319702,0.820658266544342,-0.2721191942691803,1.1369552612304688,0.044820982962846756,-1.0470409393310547,0.8521840572357178,-0.3626914918422699,1.3733091354370117,0.3514869809150696,0.32698559761047363,1.4760280847549438,1.037156343460083,0.7779638171195984,-0.76103675365448,-1.4701405763626099,0.5997806787490845,1.04160475730896,0.7833149433135986,0.3370857238769531,-2.081894636154175,-0.9527229070663452,0.8604885339736938,0.7290476560592651,0.3254116177558899,-0.19598357379436493,-0.5113654732704163,-1.6830214262008667,-1.2400343418121338,-1.4113712310791016,-1.207749605178833,0.2544103264808655,-1.4408080577850342,-0.8219996690750122,0.7923840880393982,-0.2812612056732178,0.5974085927009583,0.48278599977493286,-0.3127143085002899,-0.8435562252998352,0.3027086853981018,0.2446352243423462,-0.30307018756866455,-1.098537564277649,-2.137448310852051,-0.4359258711338043,-1.6731622219085693,-0.7854037880897522,-0.3783804178237915,0.9466147422790527,-0.2171497941017151,0.8775169849395752,0.3681821823120117,0.4477071762084961,0.7191134691238403,0.5987650752067566,-0.3815745711326599,-0.294672429561615,1.456719994544983,0.5183405876159668,0.9950719475746155,0.8059758543968201,0.5091760158538818,-0.7606178522109985,0.19354760646820068,-0.22847142815589905,0.08547623455524445,-1.5476882457733154,-0.47060540318489075,0.07413606345653534,0.09607214480638504,1.4310855865478516,-1.3766371011734009,-1.1794837713241577,-1.2395073175430298,-1.0592527389526367,0.8066885471343994,-0.5107070207595825,-1.340232014656067,0.6660474538803101,-0.5290654897689819,0.00569307804107666,0.7458369731903076,-0.07182720303535461,-0.8548638820648193,1.7294915914535522,0.03795202821493149,1.1294574737548828,-0.5518448352813721,0.1359831839799881,0.15562865138053894,1.431261658668518,-0.24876686930656433,0.280636191368103,0.4104270040988922,-0.4961458742618561,0.5979488492012024
dataset/processed\22102024\22102024_face_021.jpg,22102024,0.5245289206504822,-1.2261968851089478,-0.16065913438796997,-0.4492608904838562,-0.5048065185546875,-0.1264258772134781,-1.0586278438568115,-1.2025327682495117,1.0259461402893066,1.0372624397277832,0.1838354468345642,-0.4208129346370697,0.4473475217819214,-0.9426631927490234,-1.2162014245986938,0.9435828924179077,1.872491478919983,1.078537106513977,1.4774373769760132,-0.5783770680427551,1.1536587476730347,-0.5856332778930664,0.26955029368400574,0.8845735788345337,0.950517475605011,-0.403811514377594,0.3882780969142914,-0.117449089884758,0.5465298295021057,0.7728142142295837,0.3405410051345825,0.8078380823135376,0.8195360898971558,-0.359259694814682,1.0722891092300415,0.5985541343688965,-0.9025939106941223,0.995520830154419,0.5567461252212524,1.4520719051361084,0.37778255343437195,0.051007188856601715,1.5580146312713623,1.3093878030776978,0.6997579336166382,-0.6199360489845276,-1.204963207244873,0.36067527532577515,0.4126513600349426,0.23540076613426208,0.09444643557071686,-0.9928417205810547,-1.420617938041687,0.9223917722702026,0.31616681814193726,0.7697598934173584,-0.0870514065027237,-0.816727876663208,-1.6687967777252197,-0.9540170431137085,-1.0572460889816284,-1.0507084131240845,0.37486761808395386,-1.5514554977416992,-0.5222414135932922,0.6220244765281677,-0.491585373878479,0.543774425983429,-0.311454176902771,-0.8572434186935425,-0.552311360836029,0.6906882524490356,-0.14064814150333405,-0.3382934331893921,-0.3032410740852356,-1.6165703535079956,-0.5517501831054688,-1.6277090311050415,-0.699143648147583,-0.6097420454025269,0.8539111018180847,-0.17185485363006592,1.3020392656326294,0.6371558308601379,0.27134889364242554,0.429663747549057,-0.1858239322900772,-0.06070207804441452,-0.7462538480758667,0.9718180894851685,0.41749143600463867,0.7709246277809143,0.6047125458717346,0.8207449913024902,-0.6360485553741455,0.28033941984176636,-0.2834450602531433,-0.0838763564825058,-1.6954524517059326,-0.47457122802734375,0.30423277616500854,0.4550064206123352,1.0032105445861816,-1.3656045198440552,-1.5349427461624146,-1.026984691619873,-1.0122331380844116,0.5249814987182617,-0.4243243336677551,-1.3792957067489624,0.9103540182113647,-0.440601646900177,0.6735857725143433,-0.17062188684940338,0.0539543479681015,-1.1369227170944214,2.0038182735443115,0.30290043354034424,0.6573947668075562,-0.7809684872627258,0.3448033332824707,0.2110125571489334,1.8206102848052979,-0.6743371486663818,0.11686933785676956,0.050013042986392975,-0.49071013927459717,0.09729109704494476
dataset/processed\22102024\22102024_face_022.jpg,22102024,-0.7300223112106323,-1.359471082687378,0.1399047076702118,1.4564979076385498,-0.3989335596561432,-0.5403202772140503,-1.8929848670959473,-0.3403564393520355,1.3906843662261963,0.6954802870750427,-0.5054686069488525,-0.9923898577690125,-0.6977490782737732,-0.7622196674346924,-1.4913878440856934,-0.13662710785865784,0.8711005449295044,2.4841148853302,0.17486971616744995,-1.666194200515747,0.5050797462463379,-0.6616172194480896,0.1972263753414154,0.21906593441963196,1.0852314233779907,-0.6606735587120056,-0.00573425367474556,0.1497839391231537,-0.4598807096481323,0.6352411508560181,-0.08641256392002106,0.7799179553985596,-0.15853118896484375,-0.22109118103981018,0.9923215508460999,1.1472364664077759,-1.210450530052185,0.22076138854026794,-0.826620876789093,1.188928484916687,1.0778206586837769,-0.04618792235851288,1.5119620561599731,1.7000782489776611,1.779849886894226,0.03100077621638775,-0.36460885405540466,0.7383946180343628,0.27335405349731445,0.8306827545166016,0.005641430616378784,-0.6984987258911133,0.17779245972633362,0.8572494387626648,0.6656978130340576,0.5944225788116455,0.08111491799354553,-1.9295015335083008,-1.2923855781555176,-1.0799219608306885,-0.7300865650177002,-0.938988447189331,-0.06347545236349106,-1.2426460981369019,0.1849452555179596,0.2906651794910431,-0.9749560356140137,0.4213973581790924,-1.4165942668914795,-1.4354908466339111,-0.4516266882419586,0.22249120473861694,-0.22944864630699158,-1.0996437072753906,0.4741355776786804,-1.7957154512405396,-0.7132875919342041,0.03905145451426506,-0.9102525115013123,0.08463476598262787,1.0533475875854492,-0.9297152757644653,0.8735986351966858,0.1732182502746582,0.37733981013298035,0.6368118524551392,-1.2446379661560059,0.8418856859207153,-0.26777899265289307,0.9028792977333069,0.5141777396202087,1.3020659685134888,-0.1261863261461258,1.3374450206756592,-0.3057769238948822,0.2055821716785431,-0.24074551463127136,-0.16253478825092316,-0.9340915083885193,0.21622411906719208,0.8648157715797424,0.915655255317688,0.6087692379951477,-2.2894082069396973,-1.1454130411148071,-0.9669138193130493,-1.643297791481018,1.2165817022323608,-0.7812224626541138,-1.349073886871338,0.43918880820274353,0.09637998789548874,-0.13285380601882935,0.28117603063583374,-0.4782015085220337,-0.7378025054931641,1.8044744729995728,-0.6097074747085571,-0.20063188672065735,-0.3877774775028229,-0.05604418367147446,-1.6024888753890991,1.0836092233657837,-1.078497290611267,0.014915965497493744,-0.2885744273662567,0.021923614665865898,0.7294822931289673
dataset/processed\22102024\22102024_face_023.jpg,22102024,-0.5434225797653198,-0.9520760774612427,0.0007657129317522049,0.8344054222106934,-0.42062580585479736,-0.2289961576461792,-1.7909718751907349,-1.0546183586120605,1.1420600414276123,0.6637831926345825,-0.6113706231117249,-1.4287694692611694,-1.5314255952835083,-1.142661690711975,-1.5856995582580566,0.1533534973859787,1.3002279996871948,1.6027637720108032,-0.0974399745464325,-1.9080320596694946,1.1938228607177734,-0.8382624387741089,0.19926682114601135,0.10820431262254715,0.979964017868042,-0.916549563407898,0.31527677178382874,0.3428173363208771,-0.09281519055366516,1.3119752407073975,0.07497960329055786,1.037840485572815,-0.4396997392177582,0.6719426512718201,1.328671932220459,0.49263638257980347,-1.00143563747406,0.14182361960411072,0.4083879292011261,0.610024094581604,0.5150544047355652,-0.4785287082195282,0.5109126567840576,1.0264263153076172,1.8879332542419434,-0.3671908974647522,-0.24288153648376465,0.3837674558162689,0.6343541741371155,0.43334805965423584,-0.24533532559871674,-1.099874496459961,0.6035013198852539,0.5681424736976624,0.649966299533844,0.667609691619873,-0.049728553742170334,-2.3099560737609863,-0.6392406225204468,-0.6414761543273926,-1.0570547580718994,-0.8870502710342407,-0.20654691755771637,-1.0903160572052002,-0.041277848184108734,0.857597291469574,-0.5737656950950623,0.5225154161453247,-0.9654338955879211,-1.2095093727111816,-0.540544867515564,0.17801189422607422,-0.14737895131111145,-1.1386228799819946,0.2708473205566406,-0.8367663025856018,-0.40868616104125977,0.05746915936470032,-0.11539579927921295,-0.4870607852935791,0.6361634731292725,-0.4353419244289398,0.8452053070068359,0.2817703187465668,0.6552689671516418,0.5937806367874146,-0.7089035511016846,0.040559351444244385,-0.9536380767822266,1.283358097076416,0.6772013902664185,1.6368329524993896,-0.9356678128242493,0.9453347325325012,0.14872649312019348,0.137412890791893,-0.5261672735214233,-0.2570211887359619,-0.7823315262794495,0.4802136719226837,0.5147365927696228,0.7463549375534058,0.04857352375984192,-1.620617151260376,-0.9110764861106873,-0.36343538761138916,-1.693763017654419,1.231026291847229,-1.5147029161453247,-1.609742522239685,0.6077797412872314,-0.5495375394821167,-0.47986456751823425,-0.1260279268026352,-0.4508705735206604,-0.15798379480838776,1.6112165451049805,-0.2101665437221527,-0.827418327331543,0.08444802463054657,0.8321985006332397,-1.3166298866271973,1.2566285133361816,-1.0796618461608887,-0.4015815854072571,-0.4573797881603241,0.23556017875671387,-0.1771666556596756
dataset/processed\22102024\22102024_face_024.jpg,22102024,-0.5066756010055542,-0.7176262140274048,-0.2635016143321991,0.1646062731742859,-0.1397399753332138,-0.15056473016738892,-1.0499335527420044,-1.0595693588256836,0.9390410780906677,-0.238323375582695,0.3681161105632782,-1.0946564674377441,-0.3832451105117798,0.34880495071411133,-1.264887809753418,1.0004963874816895,0.23229636251926422,1.1199451684951782,0.08244134485721588,-1.1864497661590576,0.15627315640449524,-0.1725175529718399,0.47091227769851685,0.21974411606788635,1.7426693439483643,-0.2011084258556366,0.5156246423721313,1.0256115198135376,0.06657622009515762,1.2889952659606934,-0.8865586519241333,1.8752081394195557,-0.14911314845085144,-0.21533650159835815,0.40805748105049133,0.924627423286438,-0.8910541534423828,0.8157348036766052,0.3423067331314087,1.042900562286377,1.0019643306732178,-0.2804090082645416,0.814378023147583,1.2483782768249512,1.4441391229629517,-0.2582337260246277,-0.8154585957527161,-0.5002201795578003,0.5854626297950745,0.8826059103012085,-0.5663618445396423,-0.5981095433235168,-0.19978919625282288,0.8764816522598267,-0.45266157388687134,1.0274467468261719,0.022353991866111755,-1.6816426515579224,-1.1986905336380005,0.4673544466495514,-0.18399578332901,0.30251115560531616,-0.22010497748851776,-1.0905507802963257,0.0215148963034153,0.9689134955406189,-0.010238021612167358,0.8914392590522766,0.18010762333869934,-0.3541099727153778,-0.801767110824585,1.884533405303955,-0.13465671241283417,-0.15540580451488495,-0.2674430310726166,-1.4066214561462402,-0.18078863620758057,-1.1148786544799805,-0.3051261305809021,0.34159380197525024,0.6923010945320129,0.06942306458950043,1.2926713228225708,1.3101463317871094,0.5563256144523621,0.4338211715221405,0.3729919195175171,-0.19164329767227173,-0.397840678691864,0.3335764408111572,1.5697693824768066,0.6800855398178101,0.1663742959499359,0.2825058400630951,-0.48078715801239014,1.2413606643676758,-0.3961820602416992,0.13304275274276733,-2.114382743835449,-0.7367324233055115,-0.016100971028208733,-0.32369643449783325,0.16198687255382538,-1.9601014852523804,-0.5065638422966003,-1.2635623216629028,-1.233144998550415,0.48170334100723267,-0.19450558722019196,-0.4764458239078522,1.075640082359314,-0.8742610216140747,0.39507558941841125,0.6440572142601013,0.13323462009429932,-0.6792397499084473,1.703286051750183,0.7688782811164856,-0.08936072140932083,-0.12025831639766693,1.1221050024032593,0.454651415348053,2.096466064453125,-0.5143424868583679,0.18650148808956146,-0.7550152540206909,-0.05730661004781723,0.1761767715215683
dataset/processed\22102024\22102024_face_025.jpg,22102024,-0.5035206079483032,-0.22141434252262115,0.4038281738758087,0.6932662129402161,-0.921974241733551,-0.24418215453624725,-1.0179466009140015,-1.360701084136963,1.3726677894592285,-0.37161093950271606,-0.6749741435050964,-0.6191682815551758,-0.2169167399406433,-0.970542311668396,-1.2174012660980225,0.8814257979393005,0.10829616338014603,1.814465045928955,0.32542940974235535,-0.7660216689109802,0.5888544321060181,0.39397573471069336,-0.25295180082321167,0.04172293841838837,0.9198533296585083,-0.27779659628868103,0.6870620250701904,0.11359977722167969,-0.07434868812561035,0.8854496479034424,-1.506961464881897,1.365921974182129,-0.4140416085720062,0.3976035714149475,0.3644460141658783,0.24293601512908936,-1.1038912534713745,-0.22678861021995544,-0.13563093543052673,0.9397076368331909,0.950634241104126,-0.4743075668811798,0.7653169631958008,1.2988975048065186,1.245827555656433,-0.27349963784217834,-0.7269694209098816,-0.1161220520734787,0.28573542833328247,0.786517858505249,-0.13215452432632446,-1.1216458082199097,-0.03065670281648636,1.2284176349639893,0.2963676154613495,-0.15144498646259308,-0.1208784282207489,-2.03045392036438,-1.4414266347885132,-0.40390124917030334,-0.8281410336494446,-1.1174730062484741,0.019655335694551468,-1.2499349117279053,0.09387186914682388,0.770313024520874,-0.0233769491314888,0.37113457918167114,-0.9254475235939026,-1.2347917556762695,-0.7559499144554138,0.6403694152832031,0.17539560794830322,-0.5854030251502991,0.3454500436782837,-1.3600658178329468,-0.5003865957260132,-0.03863026574254036,0.01966230571269989,-0.10119692236185074,0.7980195879936218,-0.47965577244758606,0.10440917313098907,0.8157431483268738,0.8421985507011414,0.3523658215999603,-0.20662745833396912,-0.08476331830024719,-1.065426230430603,0.8303825259208679,1.1986089944839478,0.9320150017738342,0.5243101716041565,-0.021471068263053894,-0.6831715106964111,0.17966970801353455,-0.21629825234413147,0.3935631513595581,-1.3527100086212158,-0.7754619717597961,0.5984823703765869,-0.06109084188938141,0.567470133304596,-0.9512227177619934,-0.9214305877685547,-0.8847076892852783,-2.1764824390411377,0.8096567392349243,-1.6822397708892822,-0.7311757206916809,1.4154472351074219,-0.6950763463973999,0.2664492130279541,0.46972694993019104,-0.29619771242141724,-0.7233811616897583,0.8858170509338379,0.10660970956087112,0.19899415969848633,0.6325372457504272,0.21827903389930725,-0.8655011653900146,1.204802393913269,-0.3953232765197754,-0.04776745289564133,0.024309508502483368,-0.11382491141557693,1.2076562643051147
dataset/processed\22102024\22102024_face_026.jpg,22102024,-0.5881198644638062,-1.0927845239639282,0.34340253472328186,0.9353517293930054,-0.6539790034294128,-0.08606167137622833,-2.0340089797973633,-0.9318675398826599,1.3566560745239258,0.3175825774669647,-0.9068511128425598,-0.6655800938606262,-0.2474924474954605,-0.8920190334320068,-0.7788029909133911,0.10577252507209778,1.3635882139205933,1.8866523504257202,0.20281097292900085,-1.3641939163208008,0.44007477164268494,-0.677718997001648,-0.2774752378463745,0.26731187105178833,0.7780447602272034,-0.4827183485031128,0.21786558628082275,0.15244558453559875,-0.09570713341236115,1.0713622570037842,-0.06662493944168091,0.5457568764686584,-0.255677729845047,0.11640488356351852,0.8669955134391785,1.1597440242767334,-1.8029727935791016,-0.07656735926866531,-0.44295674562454224,1.2517026662826538,0.9446704983711243,-0.38545477390289307,1.753570795059204,2.0535237789154053,2.138937473297119,-0.09804587066173553,-0.5601124167442322,0.6227502822875977,0.24011288583278656,0.3793700337409973,0.17056764662265778,-1.1103460788726807,-0.1030549481511116,0.8569778800010681,0.3901717960834503,0.15919949114322662,-0.02924283966422081,-2.003516674041748,-1.4691609144210815,-1.0885392427444458,-1.3275667428970337,-1.1534444093704224,0.012337394058704376,-1.0996460914611816,-0.18828079104423523,0.09993070363998413,-1.0113236904144287,-0.5405986905097961,-1.3633350133895874,-1.5842951536178589,-0.015870127826929092,0.11496375501155853,-0.1561945080757141,-1.0321837663650513,0.5401768684387207,-1.6148918867111206,-0.5673370957374573,-0.18456707894802094,-0.5241097211837769,0.1542181819677353,1.1271916627883911,-0.7383661270141602,0.6502943634986877,0.38625767827033997,0.8070464134216309,0.052330248057842255,-0.7622174024581909,0.35778069496154785,-0.9376556873321533,0.47936490178108215,0.42014849185943604,1.1694825887680054,-0.13092227280139923,0.9768540263175964,-0.4260137379169464,0.2907358705997467,-0.43838492035865784,0.11234744638204575,-1.509324312210083,-0.03872526437044144,1.082531213760376,0.48259997367858887,0.6543854475021362,-1.2452924251556396,-1.682669758796692,-0.718233585357666,-1.9408372640609741,0.599205732345581,-1.1407970190048218,-1.2580432891845703,0.6776121854782104,-0.031000539660453796,-0.15231840312480927,0.18306319415569305,-0.27297425270080566,-0.9159646034240723,1.8125697374343872,-0.3417726159095764,-0.29765617847442627,-0.452729731798172,0.557107150554657,-1.51213538646698,1.750575065612793,-1.0102590322494507,-0.36180001497268677,-0.2410331666469574,0.16241788864135742,0.8975474238395691
dataset/processed\22102024\22102024_face_027.jpg,22102024,0.24039040505886078,-1.244062900543213,0.38327810168266296,0.9197112321853638,-0.6287025809288025,0.05736200511455536,-1.1529500484466553,-0.38919758796691895,1.418165922164917,0.4866308271884918,-0.23169687390327454,-0.8278036713600159,-0.3895348310470581,-1.038390874862671,-1.7124296426773071,-0.04450357332825661,1.0276331901550293,1.9637213945388794,0.8504160642623901,-1.093483805656433,0.7445286512374878,-0.10026176273822784,-0.24893003702163696,-0.22738692164421082,0.7963736653327942,-1.2718952894210815,-0.05088064819574356,-0.0035946443676948547,-0.2792760133743286,-0.04576822742819786,-0.4979601800441742,1.093051552772522,-0.08924651145935059,-0.6173600554466248,1.0312608480453491,0.8379931449890137,-1.3629648685455322,0.35282546281814575,-0.9272378087043762,1.0410339832305908,0.9796274304389954,0.12267211824655533,1.0818371772766113,1.397560715675354,1.0159775018692017,-0.5578526258468628,-0.7722521424293518,0.7424389123916626,1.0364872217178345,1.0481871366500854,0.26775842905044556,-1.2212517261505127,-0.09635821729898453,0.5518782734870911,0.9928588271141052,0.22434097528457642,-0.6533452868461609,-1.5815846920013428,-1.7062433958053589,-1.1745867729187012,-1.3262591361999512,-1.3096566200256348,0.29237452149391174,-1.3249223232269287,0.037031788378953934,0.9415427446365356,-0.5276503562927246,0.5280007123947144,-0.6108540296554565,-1.1034523248672485,-0.9679244756698608,0.05211508274078369,-0.10201555490493774,-0.9885349273681641,-0.14010439813137054,-1.646620273590088,-1.165016770362854,-0.18753795325756073,-0.7081190943717957,0.4877871870994568,1.0712145566940308,-0.6746954917907715,1.1762783527374268,0.06809821724891663,0.4801737666130066,0.30239829421043396,-0.7515965104103088,0.34138303995132446,-0.15141920745372772,1.501697063446045,0.9328080415725708,1.4044157266616821,-0.2952849864959717,1.2508156299591064,-0.6410447359085083,0.19479437172412872,-0.33710116147994995,-0.2078232616186142,-0.4621158838272095,0.46208488941192627,0.43212890625,0.7678234577178955,0.7666325569152832,-1.5156902074813843,-1.0972163677215576,-0.9564645290374756,-0.8829155564308167,1.5666909217834473,-0.9322319626808167,-1.7324416637420654,0.9353811144828796,-0.3790476322174072,-0.11018100380897522,0.5249369740486145,-0.5151241421699524,-0.7900233268737793,2.1457197666168213,-0.2137354612350464,0.2176218032836914,-0.7803353071212769,-0.14978912472724915,-1.1143786907196045,0.6324382424354553,-0.5790479183197021,-0.12113741040229797,0.08557169884443283,-1.0643678903579712,0.3549860715866089
dataset/processed\22102024\22102024_face_028.jpg,22102024,-0.1904277503490448,-0.926539421081543,-0.00849846936762333,0.3128347098827362,-1.6214057207107544,0.3969372510910034,-1.2277530431747437,-1.080228328704834,0.8633153438568115,0.4205687642097473,-0.3725055456161499,-0.22335101664066315,0.5386632680892944,-0.3195808529853821,-1.0701221227645874,0.19929249584674835,1.1036553382873535,0.8305999636650085,0.5256020426750183,-0.4558027386665344,0.4757666289806366,-0.6619014739990234,0.4779295325279236,0.157054603099823,0.4943840205669403,0.07781416922807693,0.5682812929153442,-0.18986576795578003,0.00778023898601532,1.1081792116165161,-0.8021069765090942,1.06644868850708,-0.31979984045028687,-0.24127978086471558,1.0584468841552734,0.465351939201355,-1.3182883262634277,0.39183309674263,0.48587051033973694,0.981330156326294,0.43548834323883057,0.29597020149230957,1.1457171440124512,1.5535107851028442,1.2681739330291748,-0.3544254004955292,-0.029559586197137833,-0.07569605112075806,0.3363386392593384,0.7300838232040405,0.13149628043174744,-1.0417492389678955,-0.5736110806465149,-0.03112974762916565,0.06909600645303726,0.18830180168151855,0.47966837882995605,-0.8730332851409912,-1.404647946357727,-1.2096823453903198,-1.094065546989441,-0.6191085577011108,0.23888607323169708,-1.4028123617172241,-0.40662330389022827,0.7761073708534241,-0.4946243166923523,0.41840341687202454,-0.21325373649597168,-1.0669397115707397,-0.3692260682582855,0.6967198848724365,0.053036168217659,-0.5706175565719604,0.3122401535511017,-1.0754085779190063,-0.9606754779815674,-1.1482625007629395,-0.6371489763259888,-0.694147527217865,1.0807127952575684,-0.849746823310852,0.6069000363349915,1.1350136995315552,1.083260416984558,0.26726874709129333,0.05640340968966484,0.3709830641746521,-1.3925859928131104,0.7617407441139221,0.9605816006660461,0.5671460032463074,0.5464712977409363,0.7984490394592285,-0.9672008752822876,1.829440951347351,0.22194382548332214,0.6175833344459534,-2.013200521469116,-1.0112212896347046,0.20181624591350555,-0.15195444226264954,1.0826231241226196,-1.4882725477218628,-1.3861595392227173,-1.2657389640808105,-1.433663249015808,1.1757789850234985,-0.42050087451934814,-0.8077554702758789,1.298040509223938,-0.29497718811035156,0.3347514271736145,0.3816104829311371,-0.13471060991287231,-0.5137150287628174,1.2052215337753296,0.16273251175880432,0.5938200354576111,-0.6274471879005432,0.6572161912918091,-0.9550020694732666,1.3038320541381836,-0.46918219327926636,0.1618117094039917,-1.0662672519683838,-0.6328497529029846,0.0392305962741375
dataset/processed\22102024\22102024_face_029.jpg,22102024,0.16194668412208557,-1.022897720336914,0.036613792181015015,-0.2426111102104187,-1.683009386062622,0.32718777656555176,-0.4457601308822632,-0.9364358186721802,1.0955718755722046,0.529198944568634,-0.19305828213691711,-0.25124654173851013,0.5033725500106812,-0.33366233110427856,-1.141143798828125,0.2990344166755676,0.8287836313247681,0.9946452379226685,0.8025819063186646,-0.037116438150405884,0.47616860270500183,-0.32047542929649353,0.7266969084739685,0.07453514635562897,0.6431533098220825,0.38488325476646423,0.5923299789428711,-0.8423625230789185,-0.09751944243907928,0.6456096768379211,-1.2656663656234741,0.7991740107536316,-0.045708198100328445,-0.8492624163627625,1.3487573862075806,0.6453685760498047,-1.1785231828689575,0.6252670884132385,0.43947991728782654,0.8340198993682861,-0.09151837229728699,0.6113064885139465,1.0552035570144653,1.8256797790527344,1.0950230360031128,-0.7992475032806396,-0.4933769106864929,-0.10524562001228333,0.0811513215303421,0.938016414642334,0.020547527819871902,-0.9559192061424255,-1.168181300163269,-0.5041801333427429,-0.006562797352671623,0.12902198731899261,0.9357054233551025,0.12281288206577301,-1.8520711660385132,-1.2864681482315063,-0.7699872255325317,-0.6375423669815063,0.3034714162349701,-1.578648328781128,-0.5076214671134949,1.283489465713501,-0.3782443702220917,0.5734533071517944,0.1696174442768097,-1.0048325061798096,-0.41464874148368835,0.5942407846450806,-0.18487252295017242,-0.8569817543029785,0.45361918210983276,-1.532762050628662,-1.5995326042175293,-1.6797581911087036,-0.9095533490180969,-0.6114248037338257,1.165313482284546,-0.7248051166534424,0.683239758014679,1.2807977199554443,0.8077452182769775,0.3294455409049988,0.03856255114078522,0.3632678985595703,-0.8332267999649048,0.6667122840881348,0.7942630052566528,0.29859092831611633,0.7794370651245117,0.9996004700660706,-1.7406673431396484,2.11784291267395,-0.3054518699645996,0.18101218342781067,-2.2260677814483643,-1.0660743713378906,0.12417528033256531,-0.2809301018714905,1.1981537342071533,-1.8955048322677612,-1.2514982223510742,-2.0206048488616943,-1.1666444540023804,0.857163667678833,0.20240312814712524,-0.44642752408981323,1.437459945678711,-0.4123401641845703,1.0184112787246704,0.9409846067428589,-0.15510380268096924,-0.6104044914245605,1.131428837776184,0.2874585688114166,1.0510886907577515,-0.38175782561302185,0.5810287594795227,-0.5311967134475708,0.7808211445808411,-0.4299720525741577,0.12149431556463242,-0.8722976446151733,-0.7641397714614868,-0.4680750072002411
dataset/processed\22102024\22102024_face_030.jpg,22102024,-0.3305704593658447,-0.18038395047187805,0.7944090366363525,0.7119678258895874,-1.5874460935592651,-0.7461338639259338,0.06721895933151245,-0.32238346338272095,1.5457217693328857,-0.36212337017059326,0.24302902817726135,-0.7982292175292969,1.4619027376174927,-1.4031034708023071,-0.2057930827140808,1.045076847076416,0.2983701825141907,1.6219384670257568,0.490747332572937,-0.7089999318122864,0.47777262330055237,0.5272911787033081,0.17562124133110046,0.007048856467008591,1.2298827171325684,0.37021440267562866,-0.0903327465057373,0.41991662979125977,-0.4203176498413086,-0.5150034427642822,-1.8688316345214844,0.7799921631813049,0.4988534152507782,-0.2756122648715973,2.061497688293457,0.05057351663708687,-1.0048748254776,-0.0008150264620780945,-0.7927227020263672,1.4042569398880005,1.0130611658096313,0.9029507637023926,1.1350796222686768,-0.21506641805171967,1.3533860445022583,-0.42076265811920166,-0.32216063141822815,0.7998892068862915,1.342910647392273,1.5855140686035156,0.8115421533584595,-0.9410269856452942,-0.4518517553806305,0.24786117672920227,0.14816491305828094,-0.37075090408325195,0.6846160292625427,-0.8486844897270203,-1.2497270107269287,-0.30520883202552795,0.4001754820346832,-1.1376885175704956,-0.3920544981956482,-0.9719913005828857,0.5159872770309448,-0.9661440253257751,-0.13913494348526,0.27615776658058167,-0.43637436628341675,-1.3663995265960693,-0.8152987957000732,-0.48062989115715027,0.3531816899776459,-1.529670238494873,0.7384541034698486,-2.6808230876922607,-0.038254477083683014,0.28982141613960266,-0.44487160444259644,-0.6315729022026062,0.9026837348937988,-0.9435601234436035,0.32202064990997314,-1.3488380908966064,0.14613205194473267,0.471661776304245,0.43505576252937317,0.15913943946361542,-0.6738840341567993,0.9658854603767395,0.20994801819324493,1.9885766506195068,1.2969871759414673,0.19644421339035034,-0.27788907289505005,0.312269389629364,-0.3474137783050537,0.7050166726112366,-1.9238896369934082,0.24835257232189178,1.6764041185379028,0.6432777047157288,0.9133351445198059,-1.3210049867630005,-0.6995564103126526,-0.42407166957855225,-1.3687461614608765,0.8765486478805542,-1.3544102907180786,-0.35541197657585144,0.3575405776500702,-0.007340267300605774,0.032692138105630875,0.6764007210731506,-0.5718945860862732,-1.0839169025421143,1.3430755138397217,-0.7186031341552734,1.1825376749038696,0.2707774043083191,-0.6842231750488281,-1.4931623935699463,0.5041236877441406,0.08360748738050461,0.9808743596076965,0.15172573924064636,-0.6684528589248657,1.7492527961730957
dataset/processed\22102024\22102024_face_031.jpg,22102024,-1.0110433101654053,-0.9954878091812134,0.5670536160469055,1.2049126625061035,-0.6766825914382935,-0.7965869307518005,0.15652315318584442,-0.08861599862575531,1.0190415382385254,0.6925105452537537,-0.9771707057952881,-0.9415891766548157,1.0440220832824707,-2.093918800354004,-0.22472843527793884,0.4336196780204773,0.5598803758621216,2.3302721977233887,-0.0697883665561676,-1.1472346782684326,0.3277485966682434,0.2104903757572174,-0.2952500283718109,-0.15759730339050293,0.8300039768218994,0.31917694211006165,0.6934077739715576,0.4015282392501831,-1.2077664136886597,0.13135123252868652,-1.3483304977416992,0.6507750153541565,0.3004133999347687,-0.9399304986000061,2.2904555797576904,0.03753520920872688,-1.626898169517517,-0.42990249395370483,-0.9225470423698425,1.5206866264343262,0.6079502105712891,-0.09652123600244522,1.1911671161651611,1.078888177871704,2.2450170516967773,-0.9659636616706848,0.21352249383926392,1.290917158126831,0.9399262070655823,0.7669633626937866,0.1860971450805664,-0.2279113382101059,-0.5693387985229492,0.7761973142623901,0.2694352865219116,-0.3782406449317932,0.44443613290786743,-1.359460711479187,-2.2945165634155273,-0.2939132750034332,-0.35401278734207153,-1.8010057210922241,-0.5049874782562256,-1.3357056379318237,0.9600802659988403,-0.8492804765701294,-0.6741992235183716,0.7018505334854126,-0.514383852481842,-1.6787467002868652,-0.5456972718238831,-0.25420480966567993,-0.1031065583229065,-1.428126335144043,1.475057601928711,-2.7805118560791016,-0.49760735034942627,0.02271370403468609,-0.43896061182022095,0.14166557788848877,1.0259857177734375,-0.7253060340881348,0.6242138147354126,-0.8658336997032166,0.49575355648994446,1.0258389711380005,-0.2614743709564209,-0.05890815705060959,-0.5372256636619568,1.4371693134307861,-0.47452446818351746,1.933326244354248,0.7294232249259949,0.626600980758667,-0.7194948196411133,0.49565133452415466,-0.7623254656791687,0.43580207228660583,-1.1203596591949463,0.7169849276542664,1.8682750463485718,1.1451644897460938,0.6649051308631897,-1.6927542686462402,-1.4371206760406494,-0.9539635181427002,-2.1567347049713135,0.510339617729187,-0.8312544226646423,-0.8481160402297974,-0.449654757976532,0.500952959060669,-0.11156390607357025,0.25126925110816956,-0.42046210169792175,-0.8848781585693359,1.154576301574707,-0.16430515050888062,0.9601431488990784,0.2038397192955017,0.29082030057907104,-1.7386682033538818,0.19192814826965332,-0.041179969906806946,-0.15038643777370453,0.5898956656455994,-0.5496054887771606,1.7715815305709839
dataset/processed\22102024\22102024_face_032.jpg,22102024,-0.5094497203826904,-0.6053200960159302,-0.16945546865463257,1.4317431449890137,-0.12125281989574432,-1.9999586343765259,0.940535306930542,-0.21543768048286438,0.16630250215530396,1.2046693563461304,-1.4243929386138916,-0.8332123160362244,0.9677303433418274,-1.369612693786621,0.049881670624017715,0.3539354205131531,0.24398043751716614,1.9712077379226685,-0.227891206741333,-1.7748072147369385,-0.07892933487892151,0.34911659359931946,-0.4801177680492401,0.4355255961418152,0.8537853360176086,0.3390149772167206,0.956958532333374,0.3843333125114441,-1.1927263736724854,0.6343145966529846,-0.42977532744407654,0.9499865770339966,-0.011167427524924278,-0.21516159176826477,1.5313720703125,-0.1552424132823944,-1.420087218284607,-1.131396770477295,-1.2889845371246338,1.3682682514190674,0.2536027133464813,0.09413811564445496,1.6382440328598022,1.20142662525177,2.3434276580810547,-0.5720127820968628,0.5142318606376648,1.0852406024932861,0.25246596336364746,1.465808629989624,-0.8040355443954468,-0.3512784540653229,-0.8434829115867615,1.4721585512161255,-0.29995691776275635,-0.2845644950866699,-0.3046679198741913,-1.1739113330841064,-2.172940254211426,-0.6620697379112244,-1.4643232822418213,-1.8490101099014282,-0.27612411975860596,-1.7792718410491943,0.4259786903858185,-1.040640950202942,-1.5185290575027466,0.7794029712677002,-0.83133864402771,-1.408780574798584,0.338760107755661,0.14045336842536926,0.6397076845169067,-1.0717331171035767,0.5491811037063599,-3.0341014862060547,0.09712068736553192,-0.3355500400066376,-0.3504447340965271,-0.04742330685257912,0.8212811946868896,-0.5678005218505859,0.4149338901042938,-1.0069626569747925,0.8761361837387085,1.1791296005249023,-0.6449578404426575,-0.20055776834487915,0.7401920557022095,1.752213954925537,-0.6116250157356262,1.804723858833313,0.6287475228309631,0.7682545185089111,-0.3626619875431061,0.32689759135246277,-0.7440581917762756,0.7236177921295166,-0.6943639516830444,0.5641846060752869,1.865721583366394,1.6770390272140503,1.5143866539001465,-2.5617520809173584,-1.3896487951278687,-1.030173659324646,-1.8789089918136597,1.0891625881195068,-1.213100552558899,-0.9307357668876648,-0.456981360912323,0.9327257871627808,-0.04956787824630737,0.3271452784538269,0.22278641164302826,-0.7296057939529419,1.5376782417297363,-0.47651195526123047,0.5804006457328796,0.11239969730377197,0.4559662342071533,-1.231722354888916,0.2607472538948059,-0.14614255726337433,-0.674935519695282,0.7399020195007324,-0.4936343729496002,1.5610613822937012
dataset/processed\22102024\22102024_face_033.jpg,22102024,-0.11101585626602173,-0.7360998392105103,-0.5794789791107178,0.2816162109375,0.3442389667034149,-0.7659634947776794,-0.7608762383460999,0.31807976961135864,0.3764394521713257,1.5809125900268555,-0.2214142084121704,-0.9684797525405884,-0.6627475023269653,-1.104238748550415,-0.7851135730743408,0.4368412494659424,1.1192598342895508,1.7606645822525024,0.20197416841983795,-1.9107319116592407,-0.21114103496074677,-0.3501194715499878,0.8125269412994385,0.47168707847595215,0.6251760125160217,0.8968141674995422,0.9039490222930908,0.1879918873310089,-1.4216578006744385,1.5890928506851196,-0.31586602330207825,1.0172548294067383,-0.4024243950843811,0.6035762429237366,1.885176658630371,1.4315991401672363,-1.0455994606018066,-0.6043952703475952,-0.18821275234222412,1.0161373615264893,0.4851773679256439,-0.5445531606674194,1.179395079612732,1.2642594575881958,2.7640905380249023,-0.6787289977073669,-0.39328646659851074,0.5565762519836426,0.46086323261260986,0.4465334117412567,0.5538477897644043,-0.08348961174488068,0.26327991485595703,0.05266759544610977,-0.06664218008518219,0.25466808676719666,0.1864052414894104,-1.923258900642395,-1.2582706212997437,-1.6717647314071655,-0.8881253004074097,-0.9763885736465454,0.1203605979681015,-0.9464124441146851,0.5394931435585022,-0.7160680294036865,-1.1066254377365112,-0.14712010324001312,-0.8729853630065918,-0.9129598140716553,1.117645263671875,0.22740644216537476,0.2350444793701172,-0.4258999824523926,1.5311031341552734,-2.1344871520996094,-0.5183110237121582,0.18477608263492584,-0.28318485617637634,-0.638316810131073,0.7056864500045776,0.6603516340255737,0.20412355661392212,-0.5070270895957947,0.6511402130126953,0.9024826884269714,-1.4057278633117676,0.2155866175889969,0.06313516199588776,1.513248324394226,-1.1665557622909546,2.015824794769287,-0.36786818504333496,2.0902504920959473,0.3091079592704773,0.14321494102478027,0.04979324713349342,0.07573150098323822,-1.550205945968628,0.9061970114707947,1.4009186029434204,0.2857537269592285,0.07692067325115204,-2.469944953918457,-2.0817573070526123,-0.15683495998382568,-1.6180583238601685,1.2626694440841675,-1.106864333152771,-0.8117913603782654,-0.311767041683197,1.4983060359954834,0.3136150538921356,0.0840025395154953,1.0155426263809204,0.07112212479114532,1.673256278038025,-1.4885954856872559,-0.04126984626054764,-0.36407747864723206,0.8001863956451416,-1.7888015508651733,0.8733153343200684,-1.2380714416503906,-0.8738100528717041,-0.24825546145439148,0.4797075688838959,-0.29522615671157837
dataset/processed\22102024\22102024_face_034.jpg,22102024,0.10736255347728729,-1.0340018272399902,-0.2654265761375427,0.9244998693466187,-0.6885675191879272,-1.083663821220398,1.2890745401382446,-0.6276079416275024,0.5768538117408752,1.0791860818862915,-1.905115008354187,-0.8831275105476379,0.8988305926322937,-0.7805479764938354,0.6298115253448486,0.7182015776634216,-0.49491968750953674,2.033916473388672,-0.3930399417877197,-1.3427295684814453,1.1063228845596313,0.2594355642795563,-0.732886552810669,-0.21352070569992065,0.46243229508399963,-0.1385437548160553,0.7485336065292358,-0.6270773410797119,-0.8197513818740845,0.5658740401268005,-0.6985090970993042,1.957017183303833,0.22238507866859436,0.08860211819410324,1.273097276687622,-0.8285313248634338,-2.0533242225646973,0.11607930064201355,-1.5150444507598877,1.459318995475769,0.7814505100250244,0.4405510723590851,1.587868094444275,-0.5569941997528076,1.2101658582687378,-0.7813034653663635,1.0268946886062622,0.8674720525741577,0.2527819275856018,1.1033239364624023,-1.6383507251739502,-0.9965912103652954,-1.0496444702148438,1.2571885585784912,0.841037392616272,-1.5072294473648071,-0.7423929572105408,-0.5585475564002991,-1.6682469844818115,-0.5493706464767456,-1.2580598592758179,-1.236631155014038,-1.404752254486084,-1.247018575668335,0.5840435028076172,-0.5988777279853821,-0.5099673271179199,2.050713300704956,0.0349256694316864,-0.9974116086959839,-0.0625290647149086,0.010704517364501953,0.9699670672416687,-0.8554707765579224,0.2755195200443268,-2.156691312789917,-0.16342279314994812,-1.4292412996292114,-0.8216980695724487,-0.31875908374786377,0.7530770301818848,-1.2057656049728394,0.019921209663152695,-0.7841522693634033,1.085669994354248,1.0429937839508057,-0.05390506237745285,-0.30037224292755127,0.40377265214920044,1.7814433574676514,0.027597084641456604,1.620794653892517,1.3290389776229858,-0.022731661796569824,-0.7114973664283752,0.6901199221611023,-0.9390028119087219,2.294020414352417,-0.30011823773384094,0.6081925630569458,1.126402735710144,0.6607330441474915,0.2656060457229614,-2.134390115737915,-0.41921332478523254,-1.4625587463378906,-1.3707046508789062,1.0692944526672363,-1.0200309753417969,0.10528557002544403,-0.14687204360961914,0.41946548223495483,-0.892707347869873,-0.19091272354125977,-0.9300035834312439,-1.1294307708740234,0.3466688096523285,-0.25156551599502563,0.7441185712814331,0.23969747126102448,0.6145036816596985,-0.14648869633674622,-0.42868006229400635,0.20261326432228088,-0.11663231253623962,0.831689715385437,-1.3041720390319824,2.1643192768096924
dataset/processed\22102024\22102024_face_035.jpg,22102024,-0.48586419224739075,0.08926725387573242,0.04752354323863983,-0.28700900077819824,0.727017343044281,-0.82419753074646,1.0459319353103638,-1.1084233522415161,1.5516749620437622,-0.3333415389060974,-0.4611298739910126,-0.6709219217300415,1.5604153871536255,-0.2995288074016571,1.428903579711914,1.2050318717956543,-1.0286102294921875,1.6240744590759277,-0.5791823863983154,-1.9840800762176514,0.46109411120414734,1.2739719152450562,-1.129948616027832,-1.1525853872299194,0.6216657161712646,-0.23972740769386292,0.3129357397556305,-0.9303138256072998,-1.1900967359542847,0.9608846306800842,-1.2510122060775757,1.098352313041687,-0.04970882087945938,0.7375520467758179,1.576233983039856,-0.45513275265693665,-1.327690601348877,0.4468993544578552,-0.8693390488624573,1.01731538772583,2.2247540950775146,0.34257927536964417,0.4556981027126312,0.26075342297554016,0.06553174555301666,-1.3180456161499023,0.12621861696243286,-0.10666656494140625,1.5792595148086548,1.6444767713546753,-1.1270657777786255,-0.40097466111183167,-0.8110575675964355,0.20704686641693115,0.3758622705936432,-2.067772626876831,0.6927407383918762,-1.9540846347808838,-2.3700971603393555,-0.9943119287490845,-0.5495820641517639,-1.3048278093338013,-1.7230546474456787,-0.9163293838500977,0.5275507569313049,-1.2065519094467163,-0.699691891670227,0.28422975540161133,-0.29392164945602417,-1.388442873954773,-0.183211550116539,0.5255489349365234,0.041859306395053864,-2.0057835578918457,0.5823233127593994,-2.2767794132232666,0.17155897617340088,-0.9713383913040161,-1.1681032180786133,-0.1784370243549347,-0.2962205708026886,-0.47348353266716003,0.4075012505054474,0.22143810987472534,1.2457836866378784,1.2321127653121948,0.45760947465896606,0.5551905632019043,0.006071902811527252,1.696807622909546,-0.06646915525197983,1.6374592781066895,1.8598148822784424,-0.09489251673221588,0.369247704744339,0.6491314768791199,-0.2134915441274643,1.9908276796340942,-1.08870267868042,-0.35461339354515076,2.0972440242767334,0.15259084105491638,-0.9238576889038086,-1.7951210737228394,0.5210989713668823,0.20432080328464508,-1.5249454975128174,0.8591122627258301,-0.8736991882324219,0.24228273332118988,0.1034737154841423,0.2508821189403534,-0.7397228479385376,0.19414122402668,-0.24137216806411743,-1.3352422714233398,0.664487361907959,-0.8084467649459839,0.8885140419006348,0.2762383818626404,0.08097981661558151,0.12305595725774765,0.2249210923910141,-0.12697860598564148,0.10202057659626007,-0.15483878552913666,-2.225167751312256,2.4344866275787354
dataset/processed\22102024\22102024_face_036.jpg,22102024,0.31631970405578613,-1.172585129737854,-0.5064803957939148,0.9699102640151978,-0.26300036907196045,-1.313328504562378,0.30246782302856445,-0.7292590737342834,0.5250211358070374,0.18024596571922302,-1.2769478559494019,-0.5884777307510376,2.0083296298980713,-0.3166315257549286,1.2757744789123535,1.6843997240066528,0.7104153633117676,1.7327618598937988,0.044043105095624924,-0.06426034867763519,-0.18285706639289856,0.4194483160972595,-1.558387279510498,0.3800868093967438,-0.2317531555891037,0.3281014561653137,0.5594443082809448,0.3054635524749756,-0.5090392827987671,0.6198537945747375,0.08556914329528809,1.4582891464233398,0.3190411627292633,1.2781314849853516,0.8108004927635193,1.0316487550735474,-2.326542377471924,-0.9434916377067566,-1.8386073112487793,2.5252597332000732,1.7177400588989258,0.812683641910553,2.6585543155670166,0.1936798393726349,1.7087799310684204,-1.6628155708312988,0.9089983105659485,1.254111647605896,0.9941527247428894,0.3611079454421997,-0.22294385731220245,-1.0489521026611328,-2.115762710571289,1.9329619407653809,0.34598493576049805,-1.8370531797409058,-0.6068037152290344,0.01413525640964508,-1.9797395467758179,-0.3136976957321167,-1.2104564905166626,-1.2934794425964355,-0.42581990361213684,-0.25245586037635803,0.5359663963317871,-0.420127272605896,0.12519250810146332,0.3977310061454773,0.2488042414188385,-0.724495530128479,0.8221431374549866,-0.5540262460708618,1.7835065126419067,0.11473840475082397,0.21520322561264038,-2.276684522628784,0.2582477629184723,-1.4319748878479004,-0.32437655329704285,-0.012609399855136871,0.3624172508716583,-0.2648106515407562,1.3219777345657349,-0.451028436422348,0.12165874242782593,0.5543767213821411,0.10377951711416245,-0.14727047085762024,0.9549829959869385,1.495019793510437,-0.45566287636756897,1.7702480554580688,0.9642693996429443,0.20687422156333923,-0.6563481688499451,0.3516506850719452,-1.1772011518478394,1.355417013168335,-1.430243730545044,1.7676923274993896,1.3097995519638062,0.8639507293701172,-0.7050411105155945,-0.5592917203903198,-0.41927072405815125,-0.8981513381004333,-1.2336089611053467,1.0192315578460693,-1.4288517236709595,-0.421427845954895,-0.10525877773761749,1.12251615524292,-0.25885385274887085,0.020523833110928535,-0.08577566593885422,-1.9345484972000122,1.1339390277862549,-1.032606601715088,1.1546299457550049,-1.7163596153259277,0.565325140953064,-0.07911111414432526,0.5973777770996094,-1.0149788856506348,0.019391130656003952,0.5552061200141907,-0.5063274502754211,1.3633240461349487
dataset/processed\22102024\22102024_face_037.jpg,22102024,0.27700552344322205,-0.697318434715271,0.11705637723207474,0.610234797000885,-0.40340369939804077,-0.4027039408683777,0.1856493353843689,-0.9352849721908569,1.108231544494629,0.7610405087471008,-1.246069312095642,-0.9714906215667725,0.997750461101532,-0.7866189479827881,0.30815279483795166,0.6708447337150574,0.3773938715457916,1.9720693826675415,0.0822499543428421,-1.0612242221832275,0.8547763824462891,0.23810912668704987,-0.45692121982574463,0.08554735779762268,0.285244345664978,0.12091758847236633,0.8295336961746216,-0.7096973061561584,-1.278609275817871,1.118705153465271,-0.2121448516845703,1.2675433158874512,-0.004502576310187578,0.8367837071418762,1.7855288982391357,0.2390322983264923,-2.413252592086792,-0.5500847101211548,-0.3864385485649109,1.9119912385940552,1.3277255296707153,-0.1159442737698555,1.5545639991760254,0.35982826352119446,1.4044737815856934,-0.6150407195091248,0.5812728404998779,0.856839656829834,0.12438775599002838,0.6714348793029785,-0.35884737968444824,-0.3831200897693634,-0.837779700756073,0.5863527059555054,0.9690402746200562,-1.0426198244094849,0.411958783864975,-1.1461633443832397,-2.583326816558838,-1.2464679479599,-0.5116252303123474,-1.8088927268981934,-0.7749543190002441,-0.6788230538368225,0.8809025883674622,-1.3350294828414917,-0.5369667410850525,0.17202802002429962,-0.7494056224822998,-1.3919144868850708,0.8078755140304565,-0.0474042147397995,0.7622066140174866,-0.6147814393043518,1.0494178533554077,-2.1933813095092773,-0.11284531652927399,-0.7926563024520874,-0.7775307893753052,-0.37886565923690796,0.7043399214744568,-0.44783973693847656,1.39910089969635,-0.042685654014348984,1.3939549922943115,0.8199832439422607,-0.06293899565935135,-0.2469072788953781,-0.1862439215183258,1.0717025995254517,-1.072989821434021,1.9617763757705688,0.8866984248161316,1.2066044807434082,0.332437127828598,0.3420937955379486,-0.7529224157333374,1.6523529291152954,-1.4564592838287354,0.1553144007921219,1.6000350713729858,0.9312434196472168,-0.5153129696846008,-1.5224568843841553,-1.323187232017517,-0.9458447098731995,-1.8387912511825562,1.621787428855896,-1.1521825790405273,-1.3660115003585815,-0.293785959482193,1.058672308921814,-0.1767181009054184,-0.24307695031166077,-0.48157399892807007,-0.5938347578048706,1.4674097299575806,-0.40549343824386597,0.532795250415802,-0.4068422019481659,0.6107870936393738,-0.5808004140853882,0.7121127843856812,-1.0449055433273315,-0.3425455093383789,0.16398751735687256,-1.551537036895752,1.437428593635559
dataset/processed\22102024\22102024_face_038.jpg,22102024,1.389847993850708,-0.6379636526107788,-0.20062434673309326,1.2590582370758057,-1.1572346687316895,-0.25584498047828674,1.7218469381332397,-0.26990532875061035,0.10275589674711227,0.8018671870231628,-1.0802825689315796,-1.573004126548767,0.38111913204193115,-0.8278090953826904,0.26153290271759033,1.9657468795776367,0.4154549837112427,0.8943992257118225,-0.008780620992183685,0.03894808888435364,0.06309369206428528,1.4435943365097046,0.08673492819070816,-0.6596759557723999,0.8629553914070129,1.4075554609298706,2.0716934204101562,0.2416071891784668,0.598201334476471,1.2442418336868286,-1.569694995880127,2.535541296005249,-0.30551713705062866,0.7183763980865479,1.2232205867767334,0.004848416894674301,-2.6657748222351074,-0.48905402421951294,-2.271216869354248,1.5504040718078613,0.45208483934402466,0.548222541809082,1.4996718168258667,0.6607460975646973,2.66796612739563,-1.4864925146102905,0.8329891562461853,0.48441922664642334,1.3858451843261719,0.923721194267273,0.15819880366325378,-1.3952592611312866,-0.9012297987937927,1.1435333490371704,-0.3540309965610504,-1.8146218061447144,-0.2016015350818634,1.0162625312805176,-2.1453747749328613,-0.6696639657020569,-1.9523032903671265,-1.128644585609436,-0.36763229966163635,-0.10852928459644318,0.4145910441875458,0.02569899708032608,0.6000173091888428,1.1188387870788574,0.8092528581619263,-0.5342048406600952,0.18728779256343842,-0.2798274755477905,1.331148386001587,0.5932896137237549,0.14692354202270508,-1.6961122751235962,-0.25380104780197144,-0.5530623197555542,-0.04230005666613579,0.3938625454902649,0.034627340734004974,0.5425623655319214,1.3539071083068848,-1.1701290607452393,0.668312132358551,-0.20705002546310425,0.6478984355926514,-1.32610023021698,0.5563720464706421,0.7556366920471191,-0.31250739097595215,1.9247698783874512,0.659066379070282,0.432672381401062,-0.7220543622970581,0.15420669317245483,-1.7547227144241333,1.1103508472442627,-1.3668019771575928,0.6147788763046265,0.6866031289100647,0.01753426343202591,-0.5143144130706787,-0.24105195701122284,-0.9190022945404053,-0.5048104524612427,-1.2663111686706543,1.5862051248550415,-1.2185159921646118,0.03137609362602234,-0.005885947961360216,0.8041427135467529,-0.02011103928089142,1.106090784072876,0.23537957668304443,-0.40113672614097595,1.0818358659744263,-1.5098533630371094,0.8400353789329529,-1.3754161596298218,2.5104894638061523,0.0030637122690677643,-0.533103883266449,-0.13538040220737457,-0.060864873230457306,0.08153349906206131,-0.9188684225082397,0.7096094489097595
dataset/processed\22102024\22102024_face_039.jpg,22102024,-0.8814380168914795,-1.0562961101531982,0.03730112314224243,1.5630911588668823,-0.4995403587818146,-0.7204518914222717,0.2931405007839203,-0.5580156445503235,1.192106008529663,0.3194768726825714,-1.0105876922607422,-0.03727087005972862,1.2677961587905884,-1.222475528717041,-0.07938811182975769,0.08218950778245926,-0.4769981801509857,1.888697862625122,-0.3004552721977234,-0.998647928237915,-0.674655556678772,0.15987972915172577,-0.4267643094062805,-0.41964131593704224,-0.1452958583831787,1.2104140520095825,1.4497332572937012,0.4433917999267578,-0.1445513665676117,0.6508199572563171,-0.5364181995391846,1.3021304607391357,0.8300777077674866,-1.2729038000106812,0.3620222806930542,-0.3533526659011841,-1.867022156715393,-0.783047616481781,-2.2003540992736816,0.5838149785995483,1.1940313577651978,-0.008967343717813492,1.8706189393997192,1.1431879997253418,2.6282551288604736,-0.5316530466079712,1.1351245641708374,0.022027237340807915,0.7260176539421082,1.0353540182113647,-0.2853291630744934,-1.7805728912353516,-0.5533875226974487,1.022896409034729,-0.1899748593568802,-1.0198895931243896,-0.8475858569145203,0.05007203295826912,-0.8915860056877136,-0.4466526508331299,-0.831915557384491,-0.8053367733955383,-0.19225570559501648,-0.7282534837722778,0.018281694501638412,-0.3448812961578369,-1.0606436729431152,0.8656875491142273,0.4670301675796509,-1.216094732284546,-0.7610529065132141,-0.2588677704334259,0.4214179515838623,-0.29155784845352173,-0.25945791602134705,-2.0328118801116943,0.13737350702285767,-0.37396541237831116,0.5268663167953491,-0.08706563711166382,0.4136107265949249,-1.3367469310760498,0.2129104882478714,-0.892765998840332,0.23688668012619019,-0.4864709973335266,0.3047732710838318,0.4539484977722168,0.45154616236686707,0.07009296119213104,-0.45479753613471985,0.9226083159446716,0.5870981216430664,-0.0887065902352333,-0.6959660649299622,0.13598677515983582,-1.437109112739563,1.0733722448349,-1.1425671577453613,-0.38026493787765503,1.2623529434204102,0.9292996525764465,1.6508502960205078,-1.3505985736846924,-0.6841273307800293,0.014581140130758286,-1.0352075099945068,0.19124791026115417,-1.163881778717041,-0.06439514458179474,0.42841991782188416,0.9807831048965454,-1.2494386434555054,1.11544668674469,-0.5083156824111938,0.18843290209770203,0.4214181900024414,-1.0865082740783691,0.36323556303977966,0.15704527497291565,-0.06877012550830841,-0.37898895144462585,0.7243645787239075,1.1323049068450928,0.34199416637420654,-0.14951902627944946,0.4525781571865082,1.975014328956604
dataset/processed\22102024\22102024_face_040.jpg,22102024,-1.2157820463180542,-0.23567898571491241,-0.27124038338661194,0.6319237351417542,0.5910496711730957,-0.3534356653690338,0.8603141903877258,-0.8699045181274414,0.8021398186683655,0.03983761742711067,0.13488095998764038,-0.9005443453788757,1.4055664539337158,-1.3224923610687256,1.3168845176696777,0.21586887538433075,-0.899871826171875,1.0092779397964478,-0.1944454312324524,-1.4134374856948853,-1.1352812051773071,0.33020707964897156,-0.014938689768314362,-0.781342089176178,-0.27711397409439087,0.7099761366844177,1.7978057861328125,0.21511176228523254,-1.181573510169983,1.155065894126892,-0.8761733770370483,0.35171058773994446,0.18693366646766663,-0.372622549533844,0.8252446055412292,0.8928956985473633,-0.8788260817527771,-0.3440728485584259,-0.5263961553573608,0.2505021393299103,1.5664634704589844,-0.24986574053764343,0.2973399758338928,0.2778472602367401,1.6638375520706177,-0.8192300796508789,0.7578968405723572,-0.2849580943584442,1.0949336290359497,0.5437256097793579,-1.3228561878204346,-0.742705762386322,-0.1287112534046173,2.1094815731048584,-1.2076311111450195,-1.1180371046066284,-0.5568702816963196,0.03782914951443672,-1.9530607461929321,-0.6279336214065552,-0.855791449546814,-1.0163487195968628,-0.37780073285102844,-0.49403616786003113,0.8506903052330017,-1.102042555809021,-0.6069319844245911,0.21675445139408112,0.26113271713256836,-0.4293258786201477,0.14156843721866608,0.9765967130661011,-0.48879188299179077,-0.3096340298652649,-0.5430034399032593,-1.5136176347732544,0.050762444734573364,0.09635022282600403,0.3279570937156677,0.552155613899231,-0.16806361079216003,-0.6782424449920654,0.8088060617446899,-0.5127958655357361,0.5452264547348022,0.21542751789093018,0.931961715221405,0.6123870611190796,-0.27824026346206665,-0.41556504368782043,-0.15685060620307922,0.9239078164100647,0.7325152158737183,0.3473650813102722,-0.6085946559906006,0.8167414665222168,-2.0540058612823486,0.7619814872741699,-0.7774106860160828,-0.04955992102622986,1.0276918411254883,1.2072374820709229,0.8818592429161072,-1.1486079692840576,-0.20759174227714539,1.2978439331054688,-1.3851858377456665,-0.43828150629997253,-0.5489125847816467,-0.4827740788459778,-0.3134669363498688,0.45610177516937256,-1.3313344717025757,0.7606799602508545,-0.03399750590324402,0.6450915336608887,0.07550991326570511,-1.0327622890472412,0.3924565315246582,1.2050269842147827,-0.529329240322113,0.08690059185028076,1.3302583694458008,0.17273356020450592,-0.1362987458705902,0.385354608297348,0.8152710199356079,1.913901448249817
dataset/processed\22102024\22102024_face_041.jpg,22102024,-0.5601274967193604,-1.188848614692688,-0.5461792349815369,0.44713863730430603,0.0691693052649498,-0.4454091489315033,-0.3916483521461487,-0.7941483855247498,2.093590259552002,-0.5237494707107544,-0.39458081126213074,-0.4851232171058655,1.1541625261306763,-0.3910110592842102,-1.047776699066162,0.5441488027572632,0.41127943992614746,0.5409332513809204,-0.7524560689926147,-0.6554006338119507,-0.18834324181079865,0.49872711300849915,0.2098393738269806,-0.2097739279270172,0.8760344386100769,1.4911226034164429,1.268071174621582,0.5634539127349854,0.22465255856513977,0.26016566157341003,-1.5008841753005981,1.2220966815948486,-0.07333723455667496,-0.5162450671195984,0.5112894177436829,1.1872403621673584,-1.6444249153137207,-0.2476818561553955,-2.030550241470337,0.38919752836227417,0.4181794822216034,0.17857371270656586,0.7015976905822754,0.5697557926177979,1.643070101737976,-1.484823226928711,0.4295607805252075,0.6460669040679932,0.5212975144386292,0.45242202281951904,0.15268033742904663,-0.5506704449653625,-0.9511561393737793,-0.2903130352497101,-0.258588045835495,-0.5002767443656921,0.9707760214805603,0.4071196913719177,-1.6758286952972412,0.24363234639167786,-0.9738479256629944,-0.23515568673610687,-0.659527063369751,1.0398483276367188,0.6977635622024536,0.19524016976356506,0.09570229798555374,0.71001136302948,1.4333988428115845,-2.064927101135254,0.23987817764282227,0.44480422139167786,-0.8184687495231628,0.7427096962928772,0.5042324662208557,-1.4620542526245117,-0.31540024280548096,-1.1264832019805908,0.4271501898765564,-1.5228593349456787,-0.13262462615966797,0.09079562872648239,0.8895736932754517,-0.27493786811828613,-0.08784767240285873,-0.2592465579509735,0.8057791590690613,-0.14093323051929474,0.012311004102230072,-0.16057604551315308,-0.30127325654029846,0.8412347435951233,1.3793436288833618,0.2958905100822449,-0.16999293863773346,2.240429162979126,-1.7789077758789062,1.1192314624786377,-1.7564587593078613,-0.27220162749290466,1.6476243734359741,0.14214500784873962,0.00708615779876709,-2.1288909912109375,-1.1644541025161743,-0.5841054320335388,-1.0233221054077148,-0.7133716344833374,0.034918345510959625,-1.6755869388580322,0.01745077408850193,1.070717215538025,0.3703868091106415,1.0900338888168335,0.5946797132492065,0.6550981998443604,0.929623007774353,0.10255815088748932,0.336056113243103,1.4546500444412231,0.7180498242378235,0.004428512416779995,0.8714210391044617,-0.36361703276634216,0.5977227091789246,0.327475368976593,1.1759254932403564,0.13004334270954132
dataset/processed\22102024\22102024_face_042.jpg,22102024,-0.13647475838661194,-0.04066997393965721,-0.4451833963394165,-0.12814843654632568,0.6837805509567261,0.46255889534950256,-0.5465051531791687,0.03900478035211563,0.46486732363700867,0.20112349092960358,-0.30602598190307617,0.12768955528736115,0.13696709275245667,-0.6169298887252808,-0.021175667643547058,-0.6939369440078735,-0.08344411849975586,0.5471599698066711,-0.0009403117001056671,0.40249404311180115,-0.026114292442798615,0.3784269392490387,0.24453377723693848,1.0995725393295288,0.5055463314056396,-0.08624602109193802,0.10703685879707336,0.11713952571153641,-0.5200463533401489,-0.7249347567558289,-0.4046280086040497,0.5058465003967285,-0.4720854163169861,0.16259250044822693,0.14733631908893585,0.20666265487670898,-0.2973332703113556,-1.401448130607605,-0.2036784291267395,-0.3198164701461792,-0.13700546324253082,-0.15104831755161285,0.46277570724487305,0.8771650195121765,0.828487753868103,-0.4592428505420685,0.4655517041683197,-0.471124529838562,0.058797433972358704,-0.11399658024311066,-0.9040212631225586,0.09405387938022614,-0.467098206281662,-0.6840335726737976,-0.17276126146316528,-0.04828772693872452,0.16137509047985077,-0.7248474359512329,-0.5417131185531616,0.31365424394607544,0.857677698135376,0.36505991220474243,-0.29986512660980225,0.054602619260549545,0.22974136471748352,0.9570494890213013,0.20851801335811615,0.7141659259796143,0.44823551177978516,-0.6770834922790527,-0.033337272703647614,0.08840698003768921,-0.047563012689352036,0.26701444387435913,1.113451361656189,-0.43932297825813293,-0.07306239008903503,-0.4737885594367981,0.151332825422287,0.4302910566329956,0.11319763213396072,0.38307642936706543,-0.49346086382865906,0.590151309967041,0.5852899551391602,0.10614166408777237,-0.01002342626452446,-0.578488290309906,-0.015074428170919418,0.06940579414367676,-0.0035433098673820496,0.49711623787879944,-0.9274505376815796,0.018635481595993042,0.46534818410873413,0.3673362731933594,-0.9680451154708862,0.02739858627319336,-1.2097914218902588,0.013691319152712822,0.34745359420776367,-0.4659789800643921,-0.6474788784980774,-1.0888698101043701,-0.6153128743171692,-0.7955664992332458,-0.2739655077457428,-1.000508427619934,-0.06577333807945251,-0.8471227884292603,-0.26159214973449707,0.3928198218345642,0.6715245246887207,0.09702743589878082,0.14566369354724884,0.7622939348220825,-0.5584957599639893,0.2972247302532196,0.5205621123313904,1.9264142513275146,0.0032006949186325073,-0.23611974716186523,0.4392659068107605,0.16950631141662598,0.4589672088623047,-0.8943952918052673,1.3557487726211548,0.13797707855701447
dataset/processed\22102024\22102024_face_043.jpg,22102024,0.49591103196144104,-1.6495054960250854,0.4946114122867584,0.05139967054128647,-0.7953165173530579,-0.03293755650520325,-0.406902551651001,-0.38628455996513367,1.1265949010849,0.31559818983078003,-1.0123056173324585,-0.47720134258270264,2.119164228439331,-0.042351771146059036,-0.9632935523986816,0.7422746419906616,0.5656136274337769,0.6778994202613831,0.5682503581047058,0.13831861317157745,0.3658521771430969,0.9103288650512695,0.4423561692237854,0.4926093518733978,1.058354139328003,1.094728946685791,0.873357892036438,0.24068623781204224,0.3928307294845581,-0.07114271074533463,-1.118985652923584,1.560821771621704,0.6242543458938599,-0.5053948163986206,1.3713663816452026,-0.32381516695022583,-1.462449073791504,-0.6942393183708191,-0.8052129149436951,1.4805325269699097,0.5685015916824341,0.422609806060791,1.5610700845718384,0.14877313375473022,1.267057180404663,-1.1526325941085815,-0.35158953070640564,0.8157095909118652,0.7972753643989563,0.7305548191070557,0.7754827737808228,-0.8169505596160889,-1.4312183856964111,-0.3279917538166046,0.15836124122142792,-1.1452230215072632,1.0911359786987305,-0.28626278042793274,-2.1004934310913086,-0.7858622074127197,-0.17204037308692932,-1.6315773725509644,0.45235928893089294,-0.137804314494133,-0.9795631766319275,0.2191014587879181,0.5626764893531799,0.15764185786247253,1.016817569732666,-1.5642093420028687,-0.504952073097229,0.07879574596881866,0.5960884094238281,0.4453486204147339,0.37253573536872864,-2.6100852489471436,-0.029611140489578247,-1.0091116428375244,0.34780046343803406,-0.7650980353355408,0.08684618026018143,0.029194479808211327,1.1145662069320679,0.36300137639045715,0.14324471354484558,-0.06372624635696411,1.068616509437561,-1.0970927476882935,-0.13725832104682922,1.2998641729354858,-0.420919269323349,1.1928952932357788,0.6895011067390442,0.8224368691444397,0.07156874239444733,1.202131748199463,-0.1940842866897583,1.4139466285705566,-2.602957010269165,-0.919873833656311,1.35712730884552,-0.2506462633609772,0.5812093019485474,-0.5450870990753174,-1.2458540201187134,-0.7515913844108582,-1.5405771732330322,0.328088641166687,-0.9193819165229797,-0.9363330006599426,0.8182412385940552,0.4134458303451538,0.9822729825973511,0.6519924402236938,0.5747825503349304,-0.642058253288269,1.3550199270248413,-0.4691774249076843,0.9571706652641296,-1.1247072219848633,0.19457316398620605,-0.35415032505989075,0.002787478268146515,0.25341150164604187,0.42566609382629395,0.02625935524702072,-0.874511182308197,0.4116026759147644
dataset/processed\22102024\22102024_face_044.jpg,22102024,0.3850201368331909,-0.735337495803833,-0.1875932216644287,-0.4643673002719879,-0.05511888116598129,0.02406293712556362,-0.20238196849822998,-0.25765514373779297,1.2479389905929565,-0.059806179255247116,0.450162410736084,-0.24710901081562042,1.789370059967041,-0.6501150131225586,-0.8773216009140015,0.6360505223274231,0.7759088277816772,0.19916771352291107,0.4545443058013916,0.15376491844654083,-0.15549594163894653,0.7199447751045227,0.007297355681657791,0.43816712498664856,0.5198727250099182,-0.08042130619287491,0.7065669298171997,0.34017279744148254,-0.38162583112716675,-0.12175954878330231,-1.2306585311889648,1.2305136919021606,-0.15098334848880768,-0.4160539507865906,0.4546945095062256,1.197784423828125,-1.1730448007583618,-0.3122209906578064,-0.8417832851409912,0.9746559858322144,0.6916583180427551,0.5860154628753662,0.9703905582427979,0.7306534051895142,1.0293570756912231,-1.3427128791809082,-0.2113715261220932,0.3271842300891876,0.9481748938560486,0.6218676567077637,-0.4304649233818054,-0.5093965530395508,-1.3790377378463745,0.37672507762908936,-0.5470334887504578,-0.6743695735931396,-0.10231262445449829,-0.5614640116691589,-1.965179204940796,-0.05066578835248947,-0.4318392276763916,-0.5497564077377319,0.007654398679733276,-0.1821911334991455,0.46468257904052734,0.5811886191368103,0.2756534218788147,0.7310811877250671,0.8737009763717651,-1.0712788105010986,-0.6446475386619568,1.443263292312622,-0.25958511233329773,0.6711121797561646,0.18475472927093506,-1.58440363407135,-0.7032004594802856,-1.2906233072280884,0.1962917149066925,-0.2532702088356018,0.16350141167640686,0.48593103885650635,0.6345771551132202,0.12442949414253235,0.44630298018455505,-0.3029994070529938,0.7157893180847168,-0.7791662216186523,-0.44523218274116516,0.8845093250274658,0.21492290496826172,1.157880187034607,0.6635514497756958,0.6074789762496948,-0.22423580288887024,1.4651027917861938,-1.0681191682815552,1.140795111656189,-1.750337839126587,-0.20384642481803894,1.3263946771621704,-0.4750564992427826,0.010260887444019318,-1.3529772758483887,-1.2271567583084106,-0.2711450457572937,-1.0399099588394165,0.004456609487533569,-0.5814318060874939,-1.6030917167663574,0.9170082807540894,0.09536870568990707,0.966225266456604,0.661702573299408,0.3843042850494385,0.21179890632629395,1.014298677444458,-0.31584393978118896,0.821525514125824,0.8588612079620361,0.16144436597824097,0.06742331385612488,0.517561137676239,-0.25410908460617065,0.2538641691207886,-0.12595368921756744,-0.12329030781984329,-0.13756784796714783
dataset/processed\22102024\22102024_face_045.jpg,22102024,-0.5665934085845947,-0.7777830362319946,-0.4093515872955322,-0.8245313763618469,0.012308845296502113,0.8780349493026733,-0.40581586956977844,0.10778631269931793,0.7077118754386902,0.11720162630081177,-0.14135663211345673,-0.06862401962280273,0.8194794058799744,-0.7361449003219604,0.20915290713310242,-0.7962775826454163,0.18325459957122803,0.0704185962677002,0.9058284759521484,-0.05790434777736664,0.25258851051330566,0.033502016216516495,0.27887654304504395,0.6045671105384827,0.5754680633544922,0.40866348147392273,0.6870839595794678,-0.25728684663772583,-0.36390000581741333,-0.3611573576927185,-0.5576986074447632,0.6468971967697144,-0.23159794509410858,0.39728766679763794,0.31995752453804016,0.1741817742586136,-0.2141028195619583,-0.6282944083213806,-0.026386678218841553,-0.7640260457992554,0.3226599395275116,0.49123305082321167,-0.013350799679756165,0.16875392198562622,0.15198427438735962,-0.602225661277771,0.14736826717853546,-0.7367767095565796,0.15488551557064056,-0.03755905479192734,-0.9871428608894348,0.30240511894226074,-0.4578353464603424,-0.425853431224823,-0.41705772280693054,-0.2913314700126648,1.0964717864990234,-0.609821081161499,-1.0453650951385498,-0.8767716288566589,0.551313042640686,0.32605475187301636,-0.10258759558200836,0.7920133471488953,0.2149900197982788,0.46278995275497437,0.5435370206832886,-0.045303426682949066,0.025993987917900085,-0.5310285091400146,0.3460156321525574,-0.07676007598638535,0.05306057631969452,-0.38915807008743286,1.1766901016235352,-0.6652457118034363,-0.6487364768981934,-0.5302117466926575,-0.16631025075912476,0.11087121069431305,-0.02076592855155468,0.6017303466796875,-0.3323119878768921,0.030765393748879433,0.4720545709133148,0.5616069436073303,0.4987471401691437,0.35991233587265015,-0.9302979707717896,0.7263265252113342,0.009004846215248108,0.1591797173023224,-0.7233293652534485,0.2652471959590912,0.7998074293136597,0.9959558248519897,-0.5829432606697083,0.36934494972229004,-1.0784873962402344,-0.06068816035985947,0.5931519865989685,-0.44057437777519226,0.09011910855770111,-0.5123361945152283,-0.09225481003522873,0.12952092289924622,-0.6256357431411743,-0.2993786633014679,0.6010608673095703,-1.1603846549987793,-0.40588489174842834,-0.5020076036453247,0.2731374204158783,0.5976113677024841,0.06479688733816147,0.14780667424201965,-0.644477128982544,-0.11837555468082428,1.1625401973724365,1.0536402463912964,-0.05338519811630249,-0.09623512625694275,0.1273874044418335,0.17564404010772705,0.8033179044723511,-0.9076114296913147,1.170667290687561,0.29346299171447754
dataset/processed\22102024\22102024_face_046.jpg,22102024,-0.13603922724723816,-0.3556900918483734,-0.42207568883895874,-0.5687770247459412,0.2411482334136963,0.18303601443767548,-0.2966930866241455,-0.15174366533756256,0.2444816529750824,0.018996238708496094,0.05543772876262665,0.01976185105741024,0.4923924207687378,-0.7504456043243408,-0.10438929498195648,-0.22443461418151855,0.1547825038433075,0.14503902196884155,0.499153196811676,-0.5901070833206177,-0.16223061084747314,0.19384081661701202,0.15129917860031128,0.2763376533985138,0.2185646891593933,-0.10846122354269028,0.7699908018112183,-0.08990408480167389,-0.6603070497512817,-0.14881758391857147,-0.7541261911392212,0.18141178786754608,-0.0981026217341423,0.30556586384773254,0.406171977519989,0.16750414669513702,0.3384055495262146,-0.6577765941619873,0.10571776330471039,-0.4954192340373993,0.16606773436069489,0.31146150827407837,0.35912734270095825,0.2454288899898529,0.07698169350624084,-0.7502391934394836,0.25612151622772217,-0.7198108434677124,0.5807060599327087,-0.15579906105995178,-0.6839502453804016,-0.1334453523159027,0.03655095398426056,-0.4820308983325958,-0.3729289770126343,0.21636232733726501,0.3404867351055145,-0.4781323969364166,-0.510222315788269,-0.5629615783691406,-0.006209064275026321,0.21688897907733917,0.13120079040527344,0.6114730834960938,0.23208439350128174,0.6479810476303101,0.19952605664730072,0.1732678860425949,0.08304295688867569,-0.3464973270893097,0.47471827268600464,0.10899725556373596,-0.1531568020582199,-0.47201406955718994,0.9137333035469055,-0.4450473487377167,-0.33734646439552307,0.18609559535980225,0.12642917037010193,-0.5804275870323181,-0.027654387056827545,0.1851155161857605,-0.5030160546302795,0.4397527277469635,0.5904849767684937,0.24732935428619385,0.182296022772789,-0.2133551388978958,-0.7201323509216309,0.5366555452346802,0.25317442417144775,0.4773383140563965,-0.3636799454689026,0.1522933840751648,0.1945657730102539,0.7615929245948792,-0.5300427079200745,-0.3144693076610565,-0.703525722026825,0.21775998175144196,0.25147533416748047,-0.001234840601682663,0.5602388381958008,-0.901619553565979,-0.05148499459028244,0.13114972412586212,-0.8300217390060425,-0.45310643315315247,-0.6878104209899902,-0.8978127837181091,0.20389588177204132,0.20635786652565002,0.19771957397460938,0.7141954302787781,0.17336846888065338,0.42263951897621155,-0.5612810850143433,0.38861432671546936,0.5919445157051086,1.3545390367507935,-0.33617860078811646,-0.7274292707443237,0.5182246565818787,0.5046057105064392,0.37483370304107666,-0.6660157442092896,0.9967518448829651,-0.06245235353708267
dataset/processed\22102024\22102024_face_047.jpg,22102024,-0.045998841524124146,-0.3853490650653839,-0.2985391318798065,-0.7076583504676819,0.3729710876941681,0.5335173606872559,-0.3038950264453888,-0.012770432978868484,-0.013104911893606186,0.2910890579223633,0.08188074082136154,-0.18110248446464539,0.23329217731952667,-0.9401973485946655,0.020808525383472443,-0.512607753276825,0.16977164149284363,0.07262764871120453,0.29961568117141724,-0.6880306601524353,0.19929441809654236,0.15138767659664154,-0.011887691915035248,0.48375555872917175,0.15342271327972412,-0.38193589448928833,0.41715875267982483,-0.07708542048931122,-0.42898720502853394,-0.12552696466445923,-0.09682248532772064,0.3119613826274872,0.009339223615825176,0.011327177286148071,0.4023169279098511,0.07363347709178925,0.08462558686733246,-0.6708800792694092,0.5916746854782104,-0.5367914438247681,0.2424778938293457,0.05989201366901398,0.45472636818885803,0.12840192019939423,0.07993461936712265,-0.4800405204296112,0.534467875957489,-0.9142874479293823,0.08059923350811005,-0.35289332270622253,-0.8672162294387817,0.2376643419265747,0.11882652342319489,-0.568403422832489,-0.2890225350856781,0.3473362922668457,0.327391117811203,-0.46846476197242737,-0.3282553255558014,-0.8357895016670227,0.12178140133619308,-0.29775047302246094,-0.04492194578051567,0.5044041275978088,0.37071555852890015,0.4522784352302551,0.36766597628593445,0.013344128616154194,-0.4092040956020355,-0.3928917348384857,0.30434614419937134,-0.18054144084453583,0.08427779376506805,-0.8462878465652466,1.0091477632522583,-0.30125749111175537,-0.35038650035858154,0.3800288140773773,-0.1432056874036789,-0.02138116955757141,0.20790380239486694,0.35378187894821167,-0.30471348762512207,0.32792335748672485,0.3168726861476898,0.4929365813732147,-0.05597319453954697,-0.22042863070964813,-0.7473825216293335,0.5461028814315796,0.31193581223487854,0.42541980743408203,-1.0527297258377075,-0.07806011289358139,0.6506845951080322,0.46284201741218567,-0.6954382658004761,-0.7816504240036011,-0.6624279618263245,0.1527787446975708,-0.24873605370521545,0.05509272962808609,0.18767666816711426,-0.6603033542633057,-0.28886619210243225,0.05438821762800217,-0.4088541567325592,-0.32787513732910156,0.08694338798522949,-0.6337146759033203,-0.35348275303840637,0.15896809101104736,0.3145100474357605,0.5253211259841919,0.1659918576478958,0.13767410814762115,-0.4704437851905823,0.2609894871711731,0.4704362452030182,0.9221373796463013,-0.36067742109298706,-0.6735162734985352,0.7913848161697388,0.46323883533477783,0.45608484745025635,-0.8395525813102722,1.02070951461792,0.013244200497865677
dataset/processed\22102024\22102024_face_048.jpg,22102024,-0.14440789818763733,-0.5565923452377319,-0.9786922931671143,-0.0965651124715805,-0.40522605180740356,-1.0008777379989624,-0.3041936159133911,-0.6862087845802307,1.683161735534668,-0.2811661660671234,0.5411415100097656,-0.7753782272338867,0.8631618022918701,-0.8639659881591797,-0.141670823097229,0.9600294232368469,0.06898187100887299,0.8073763847351074,-0.7847785949707031,-0.4887375831604004,0.2278507947921753,0.20823490619659424,0.12793296575546265,0.5099806189537048,1.2541979551315308,1.6683727502822876,0.8365533351898193,0.5887768864631653,0.7880016565322876,0.43924790620803833,-1.1577621698379517,1.2759259939193726,0.567524254322052,0.14724278450012207,1.2969911098480225,1.0410830974578857,-1.6296073198318481,-0.03418886661529541,-1.6827702522277832,1.4907331466674805,0.8233038783073425,1.0603458881378174,1.367709994316101,0.3283129930496216,1.5862129926681519,-1.2678207159042358,0.5410635471343994,0.898514986038208,0.9078913927078247,-0.20300228893756866,0.7992284297943115,-0.5872793793678284,-1.1459205150604248,0.06660836189985275,-0.4132035970687866,-0.023565473034977913,0.8762676119804382,0.4345228374004364,-1.4222261905670166,0.5873236656188965,0.6118583083152771,0.012293890118598938,-1.3032963275909424,0.48669764399528503,0.9411078691482544,0.30194759368896484,0.09125368297100067,1.1743630170822144,1.7510353326797485,-2.077824831008911,0.02965451031923294,0.5289351940155029,-0.3626555800437927,0.34365415573120117,0.4753704369068146,-1.6363626718521118,0.7389364242553711,-0.951806902885437,-0.2164926826953888,-1.4281432628631592,-0.6246086359024048,0.3130524754524231,1.04595148563385,-0.388258695602417,-0.2777879238128662,-0.40510573983192444,0.9048873782157898,-0.3376239538192749,0.6456654071807861,0.04803267866373062,-0.8981710076332092,1.3259605169296265,1.9068173170089722,0.9508236050605774,0.07436239719390869,1.4064090251922607,-1.352498173713684,0.8649746179580688,-2.105860710144043,0.20341214537620544,1.8702133893966675,-0.3936901390552521,-0.12444083392620087,-1.224303960800171,-0.6638889908790588,-0.39684808254241943,-0.9475201368331909,-0.061151012778282166,-0.33321818709373474,-0.7198781371116638,0.5145320892333984,0.5416786074638367,0.08871406316757202,0.694939136505127,0.3291287422180176,0.7224612236022949,0.8616811037063599,-0.2030184268951416,1.0182745456695557,0.8676348924636841,0.7689189910888672,0.7409763336181641,0.4903668761253357,-0.4594383239746094,0.6071784496307373,0.13123002648353577,0.2411910444498062,-0.027561549097299576
dataset/processed\22102024\22102024_face_049.jpg,22102024,0.1859331578016281,-0.3068322539329529,-0.7247915863990784,-0.5627137422561646,-0.19001023471355438,0.03775124251842499,-0.883033812046051,-0.7224355340003967,1.4367657899856567,0.172185018658638,0.5040239691734314,0.42028307914733887,0.708666205406189,-0.915319561958313,-0.32471171021461487,0.2828529477119446,0.6297075748443604,0.7026668190956116,-0.12192653119564056,-0.18274034559726715,0.15201327204704285,-0.003613994922488928,0.21783098578453064,-0.3101092278957367,0.5185731053352356,0.9422205686569214,0.3946153521537781,0.4097549319267273,0.4479330778121948,0.6176233887672424,-1.2095894813537598,0.965829610824585,-0.5660420656204224,-0.0559806153178215,0.6913571953773499,0.6158075928688049,-0.9660323262214661,0.31998807191848755,-1.0924925804138184,0.007624354213476181,0.44254347681999207,0.5362280011177063,0.33643707633018494,0.38201138377189636,0.9935434460639954,-1.2159818410873413,0.5417444109916687,-0.1761692315340042,1.2009538412094116,0.2541838586330414,-0.10336048901081085,-1.0591939687728882,-0.35246673226356506,-0.2843800485134125,-0.27288997173309326,-0.9004054665565491,0.4684818685054779,0.13662709295749664,-1.1388713121414185,0.18809300661087036,-0.2830389440059662,0.2276352196931839,-0.19007855653762817,0.41917717456817627,0.6318202614784241,0.28883665800094604,-0.012959159910678864,0.38557687401771545,1.9152474403381348,-1.5215630531311035,0.04291408136487007,0.642578125,-1.1676617860794067,0.7354364395141602,0.6386873722076416,-1.0514808893203735,-0.205785870552063,-1.1760696172714233,0.8741862773895264,-1.2288179397583008,0.004530861973762512,-0.47683170437812805,0.3445804715156555,-0.40670013427734375,-0.16325461864471436,0.13495808839797974,0.3515658676624298,0.1708395928144455,-0.16802869737148285,0.09618698060512543,-0.3247213065624237,0.8192166686058044,0.8352664709091187,0.4796934425830841,0.4514103829860687,1.5903794765472412,-1.0451582670211792,0.7507795095443726,-1.1857519149780273,-0.353663831949234,1.3746265172958374,0.07397297769784927,-0.10107026994228363,-1.4643492698669434,-0.666612446308136,0.40994423627853394,-0.7105611562728882,-0.7705423831939697,-0.4265860617160797,-1.2375869750976562,0.4752923846244812,0.7603713870048523,-0.5773463249206543,0.48677167296409607,0.44925081729888916,0.6938079595565796,-0.16496869921684265,-0.18943220376968384,0.6956087946891785,1.559911847114563,-0.09061397612094879,0.24945315718650818,0.6847385168075562,-0.39858534932136536,0.05558682233095169,0.14512529969215393,0.8299503326416016,-0.39361485838890076
dataset/processed\22102024\22102024_face_050.jpg,22102024,-0.3644980490207672,-0.4069731831550598,-0.3598315119743347,-0.4022543132305145,0.21065492928028107,0.07613909989595413,-0.1864980310201645,-0.18230648338794708,-0.18324068188667297,0.11452493071556091,0.15151262283325195,-0.051636844873428345,0.09974345564842224,-0.5614199638366699,0.034855037927627563,0.07921290397644043,0.356148898601532,-0.07441151142120361,0.3149094581604004,-0.5358678102493286,-0.0958457738161087,-0.03321884199976921,-0.14105921983718872,0.21713325381278992,0.17015579342842102,-0.053368836641311646,0.5949933528900146,0.13124340772628784,-0.3581414222717285,-0.1270282119512558,-0.10853958129882812,0.2934972643852234,0.13181334733963013,0.22148096561431885,0.598941445350647,-0.08192431926727295,0.2732245922088623,-0.28169748187065125,0.4193534553050995,-0.11379116773605347,0.2645859718322754,0.33963045477867126,0.15925021469593048,0.17750710248947144,-0.08700308203697205,-0.6154208779335022,0.33714187145233154,-0.24000698328018188,0.42524242401123047,0.1374722421169281,-0.6042115688323975,0.12823991477489471,0.45290762186050415,-0.26282480359077454,0.1006583720445633,0.16805441677570343,0.38413774967193604,0.02830265834927559,-0.1361517310142517,-0.9394955039024353,-0.14073166251182556,-0.05026225000619888,-0.2737390398979187,0.6690034866333008,0.08109493553638458,0.687410831451416,0.20768705010414124,0.2061525583267212,0.09342683106660843,-0.3023558557033539,0.09406741708517075,-0.38593780994415283,0.06924627721309662,-0.5152726173400879,0.13498590886592865,-0.16418243944644928,-0.08424996584653854,0.3149787187576294,-0.003734983503818512,-0.4362531900405884,-0.3232465088367462,-0.11713533103466034,-0.18058305978775024,0.31011509895324707,0.6127668023109436,0.3340996205806732,0.32250314950942993,0.047151148319244385,-0.7041698694229126,0.7586779594421387,0.2093166708946228,0.3504857122898102,-0.45415475964546204,-0.004098659381270409,0.5209394097328186,0.39055854082107544,-0.1475488841533661,-0.5586634874343872,-0.716875433921814,0.23276428878307343,-0.22449760138988495,0.4356074631214142,0.1769176721572876,-0.4765089750289917,-0.049118783324956894,0.1831299513578415,-0.2527308762073517,0.0015765652060508728,-0.3110920488834381,-0.6136082410812378,-0.039671458303928375,0.25537607073783875,0.326892226934433,0.4521936774253845,-0.2026820182800293,0.3013325035572052,-0.23438750207424164,0.2181106060743332,0.583510160446167,0.36582592129707336,-0.2272755354642868,-0.42196500301361084,0.48622411489486694,0.09281227737665176,0.6375517249107361,-0.8115242123603821,0.8912917971611023,0.024418577551841736
dataset/processed\22102024\22102024_face_051.jpg,22102024,0.06266710162162781,0.11603732407093048,0.14204224944114685,-0.13584624230861664,-0.597460150718689,-0.6965853571891785,0.02471913769841194,-0.5748633742332458,0.8193215727806091,-1.0418776273727417,1.0362191200256348,-0.31640657782554626,1.329238772392273,-1.0612008571624756,-0.11170615255832672,1.2352652549743652,0.1017756462097168,0.7858920693397522,-0.33635038137435913,0.10535484552383423,-0.06157000735402107,0.5736812353134155,0.1134428009390831,-0.5094687938690186,0.5650287866592407,-0.0493692010641098,1.051025629043579,0.9016697406768799,-0.36186206340789795,0.6420777440071106,-2.339334011077881,1.4440823793411255,-0.2935347557067871,0.23632648587226868,0.45935726165771484,1.3036121129989624,-1.2573970556259155,-0.07959521561861038,-1.5540599822998047,1.2983695268630981,1.0051835775375366,0.26607954502105713,0.6859575510025024,0.43585866689682007,0.9555785655975342,-1.2293215990066528,0.35852569341659546,-0.29180505871772766,1.7461971044540405,0.25366899371147156,0.13694456219673157,-0.7903077602386475,0.27797773480415344,0.18406131863594055,-0.1924293041229248,-0.972809910774231,-0.921187698841095,-0.05051712319254875,-1.3267205953598022,0.7379350066184998,-0.583524763584137,-0.07063594460487366,-1.006196141242981,-0.3622341752052307,1.375092625617981,0.06105111166834831,0.6123488545417786,1.1509027481079102,1.070136547088623,-0.48165008425712585,-0.11532504856586456,1.2397805452346802,-0.4966803193092346,0.22160683572292328,0.12566418945789337,-0.7312645316123962,-0.09434670954942703,-0.3593635559082031,0.15787437558174133,-0.6258781552314758,0.2957668900489807,0.35559263825416565,0.5099436640739441,-0.3008403182029724,0.9380163550376892,0.15816649794578552,0.2902819514274597,-0.8113952279090881,-0.6638234853744507,0.07716499269008636,0.7531132698059082,1.5948224067687988,1.1028860807418823,0.16008463501930237,-0.718285858631134,1.2536653280258179,-1.3032615184783936,0.8311224579811096,-0.9938916563987732,0.29693758487701416,1.2809542417526245,-0.4009750187397003,0.03847809135913849,-1.4148224592208862,-1.4782829284667969,0.21038013696670532,-0.9239919781684875,0.2009870409965515,-1.4211405515670776,-0.6190392374992371,0.3828217387199402,0.737309992313385,0.041147083044052124,0.28027716279029846,0.528927743434906,0.45500674843788147,0.6103070974349976,-0.3782642185688019,0.6806618571281433,1.4275506734848022,0.9218312501907349,-0.2995035648345947,0.6760539412498474,-0.7744085788726807,0.3783921003341675,0.10809605568647385,0.0005440693348646164,0.7740662693977356
dataset/processed\22102024\22102024_face_052.jpg,22102024,-0.12710753083229065,-0.48676347732543945,-0.8490036129951477,0.4540468752384186,0.47557684779167175,-0.7133538722991943,-0.3365917205810547,-1.0142602920532227,0.6079533696174622,0.45504534244537354,-0.7453498840332031,-0.7772810459136963,-0.2425646185874939,-1.436882734298706,-0.4655141532421112,-0.1902303695678711,0.8426011800765991,0.4659796953201294,0.45320335030555725,-0.9272432327270508,0.12057894468307495,-0.23845897614955902,-0.4171091914176941,0.08271503448486328,0.03645765036344528,-0.6268808245658875,0.7082433700561523,-0.21230149269104004,-0.8371337056159973,0.5265005826950073,0.06085401773452759,-0.10601446032524109,-0.2841176688671112,-0.054084159433841705,0.9051085710525513,0.17919903993606567,-0.22633245587348938,0.23082196712493896,0.11853943765163422,0.565039873123169,0.6477183699607849,0.869835376739502,0.14377635717391968,0.9380835294723511,0.20682793855667114,-1.2192851305007935,-0.04090936854481697,0.4231497049331665,0.20846979320049286,0.27022600173950195,-1.191537618637085,-0.2014985978603363,-0.07489324361085892,0.5252811908721924,0.030562646687030792,0.20346713066101074,1.363093376159668,-0.45247891545295715,-1.4641358852386475,-1.5760759115219116,-0.6820060014724731,-1.0836981534957886,0.09144465625286102,0.36559244990348816,-0.49100491404533386,1.4254093170166016,0.23985722661018372,0.15486589074134827,-0.3322399854660034,-0.6631259918212891,0.016535567119717598,-0.13055165112018585,-0.1261594444513321,-1.0490714311599731,-0.07672511041164398,-0.620639979839325,-0.6805065870285034,0.42882105708122253,-0.795674741268158,-0.8283056616783142,-0.07362183183431625,-0.0980551540851593,0.7645772695541382,0.5267765522003174,0.4022437036037445,0.4958278238773346,0.14455139636993408,-0.038138583302497864,-0.9998834133148193,1.5582257509231567,0.3533560037612915,-0.18823696672916412,-0.14487484097480774,0.8494065999984741,-0.3687763214111328,0.020795084536075592,-0.5241321325302124,-0.6206859946250916,-0.7755376696586609,0.5989261269569397,-0.23089030385017395,1.296950340270996,0.5499287843704224,-0.8643445372581482,0.5224145650863647,-0.5095968246459961,-1.2930361032485962,0.8881906270980835,-0.6185765266418457,-0.9866604804992676,0.17191492021083832,-0.038579583168029785,0.15606559813022614,1.315865397453308,-1.2111046314239502,-0.03192337229847908,-0.2314804643392563,-0.43186402320861816,0.35721904039382935,0.07969506084918976,0.26045727729797363,-0.5387953519821167,-0.12927940487861633,-1.0629315376281738,0.19299109280109406,-0.8391436338424683,0.10439816862344742,-0.4746258854866028
dataset/processed\22102024\22102024_face_053.jpg,22102024,-0.5446969270706177,-0.33492445945739746,-0.316103458404541,-0.628855288028717,0.04546399042010307,0.5717027187347412,-0.313514769077301,-0.13166621327400208,-0.3370802104473114,0.29977428913116455,-0.196830153465271,0.3216855823993683,0.629528284072876,-0.5857388973236084,0.046138737350702286,-0.6023662686347961,0.01709279790520668,0.5254344344139099,0.6882225871086121,-0.47983384132385254,0.07556155323982239,0.20359179377555847,0.3835418224334717,0.3298153579235077,0.3193873465061188,-0.1656581163406372,0.5081084966659546,-0.175218403339386,-0.412739634513855,-0.37559273838996887,-0.33987778425216675,0.08956801891326904,0.10557478666305542,0.4045809805393219,0.571507453918457,0.3079777956008911,-0.5803965926170349,-0.5400961637496948,-0.1106722354888916,-0.4841879904270172,0.44441765546798706,0.558194100856781,0.3633727431297302,0.5798842310905457,0.3128630816936493,-1.1212553977966309,0.35170480608940125,-0.8954257965087891,0.36480778455734253,-0.6206698417663574,-1.4537341594696045,0.030025096610188484,0.007097981870174408,-0.32888489961624146,-0.1419176310300827,-0.036386795341968536,0.6991965770721436,-0.05807386338710785,-0.5927709341049194,-1.4693554639816284,0.40291503071784973,0.10352075099945068,-0.17422723770141602,0.5161654949188232,-0.023208986967802048,0.5459189414978027,0.3159538507461548,0.20051360130310059,-0.3303263783454895,0.02015138417482376,0.11039762198925018,0.36597150564193726,0.23049642145633698,-0.4069194793701172,0.7985990047454834,-0.6892828345298767,-0.32122695446014404,0.22450678050518036,0.24179202318191528,0.022131122648715973,0.37479299306869507,0.289438933134079,-0.7305184602737427,0.26558971405029297,0.571882963180542,0.8509765863418579,0.29857760667800903,0.03889612853527069,-0.9795621633529663,0.6866669058799744,0.4111431837081909,0.6323548555374146,-0.8899957537651062,0.028439247980713844,0.5165008306503296,0.38924676179885864,-0.6597450971603394,-0.4154323637485504,-0.3607877790927887,-0.023422325029969215,-0.33134037256240845,0.13823983073234558,0.17476361989974976,-0.3951683044433594,0.4920044541358948,-0.07194562256336212,-0.39822664856910706,-0.26064959168434143,-0.09149833023548126,-0.9130362272262573,-0.28303614258766174,0.22283408045768738,0.17894220352172852,1.2491540908813477,-0.2997555732727051,0.44526728987693787,-0.5377768278121948,-0.14877119660377502,1.139511227607727,1.2072384357452393,-0.4564346671104431,-0.0963001474738121,0.23303332924842834,0.2144722193479538,0.9391818642616272,-1.0086016654968262,1.3337254524230957,0.08268129825592041
dataset/processed\22102024\22102024_face_054.jpg,22102024,-0.7572506666183472,0.1463853120803833,-1.0598546266555786,0.4140678346157074,1.1459343433380127,0.3761170506477356,0.4234066605567932,-1.4559446573257446,0.7659501433372498,0.21580466628074646,0.19642940163612366,-0.5026429891586304,0.43635958433151245,-1.7015931606292725,0.7018760442733765,0.10452809929847717,0.2817598879337311,0.4776180386543274,0.08949263393878937,0.05298009514808655,0.372502863407135,0.5719931125640869,-1.0393074750900269,-0.7176518440246582,-8.005928248167038e-05,0.8714759945869446,0.9641891717910767,-0.6882328391075134,-0.2581823468208313,1.5716747045516968,0.7786223888397217,0.4822956621646881,0.11950259655714035,-0.2530474364757538,0.6325871348381042,-0.2618848979473114,0.5760169625282288,-0.41631656885147095,-0.43760764598846436,-0.22500813007354736,0.9102164506912231,1.0005275011062622,-0.44463053345680237,0.66551673412323,0.23874597251415253,-0.6837701201438904,0.1505911499261856,0.08905888348817825,1.0364151000976562,0.9629441499710083,-1.3530158996582031,-1.1707972288131714,-0.1792733371257782,1.4712408781051636,-0.6288384199142456,-1.1875017881393433,1.3255407810211182,-0.4915797710418701,-1.28842294216156,-1.712498426437378,-1.0496389865875244,-0.32796138525009155,0.5371614098548889,0.7813283801078796,-0.3396393656730652,0.5455115437507629,0.1309271603822708,-0.39149782061576843,0.9333979487419128,-0.6182737350463867,0.45405787229537964,-0.18392090499401093,-0.7177467346191406,0.2116253823041916,-0.8623711466789246,-0.9036098718643188,0.05742649734020233,-0.23323242366313934,-0.033639922738075256,0.6262633800506592,-0.9231808185577393,-0.8904210329055786,0.18052569031715393,0.48460909724235535,0.9614859819412231,0.7465137839317322,0.714552640914917,0.9381974935531616,-0.9280024766921997,0.9452376365661621,0.07606637477874756,0.2851257622241974,0.2916651964187622,0.6362072825431824,-0.43854355812072754,0.6615508794784546,-0.1979776918888092,0.07442226260900497,-1.2080023288726807,-0.8201567530632019,0.06441434472799301,0.5001990795135498,0.4864439070224762,-0.5839460492134094,0.4610082507133484,0.7136488556861877,-1.3923026323318481,-0.1705208569765091,0.25214070081710815,-0.2434127777814865,-0.31610313057899475,-0.8517337441444397,-0.36526423692703247,1.2914620637893677,-0.34233710169792175,0.15110896527767181,-0.8317416906356812,-1.1601150035858154,1.0379860401153564,0.5654006004333496,0.013038020581007004,0.1166854277253151,0.38755398988723755,-0.5310043096542358,0.02875000238418579,-0.6543430089950562,0.561961829662323,0.5635630488395691
dataset/processed\22102024\22102024_face_055.jpg,22102024,-0.7493609189987183,-0.461822509765625,-0.7772248983383179,0.2959866523742676,1.5960136651992798,-0.23652134835720062,-0.35205888748168945,-1.6854681968688965,1.1038802862167358,0.11642859876155853,-0.9273195862770081,-0.5438516736030579,0.9676873087882996,-0.8545554876327515,0.136430561542511,-0.268047571182251,0.25978174805641174,0.5955674648284912,0.015625152736902237,-0.310793399810791,0.3712534010410309,0.6459690928459167,-0.6416056752204895,0.31105098128318787,0.8747918605804443,0.7360879182815552,1.3517781496047974,-0.48434460163116455,0.27142199873924255,0.9808052778244019,0.7819353342056274,0.46768391132354736,0.24446770548820496,-0.14729511737823486,0.4539656341075897,0.02868112549185753,-0.24986577033996582,-0.8432565927505493,-0.9065244793891907,0.0032950639724731445,0.8100000619888306,0.5578188300132751,0.45884671807289124,1.189757227897644,0.6349697709083557,-0.7537714242935181,-0.1835407167673111,0.08789809048175812,0.7248724102973938,0.45387861132621765,-1.22120201587677,-0.5391557216644287,-0.3695327043533325,0.9226005673408508,-0.8566033244132996,-0.9246285557746887,1.2791298627853394,-1.3042736053466797,-1.9614983797073364,-1.0889842510223389,-0.8963951468467712,-0.34586888551712036,0.07262630760669708,0.6476887464523315,-1.0028550624847412,0.7672763466835022,0.3869878053665161,-0.27426692843437195,1.3899952173233032,-1.0159021615982056,0.5343087315559387,0.20806443691253662,-1.1624754667282104,0.013451896607875824,-0.5736850500106812,-1.4291151762008667,0.43552514910697937,-1.0191057920455933,-0.06385575979948044,-0.23071390390396118,-0.4627886116504669,0.06546510756015778,1.0313150882720947,1.1657687425613403,1.2868889570236206,0.8570640087127686,0.8201656937599182,0.29693734645843506,-0.5027432441711426,0.8774285912513733,-0.29726073145866394,0.3352629542350769,0.46582457423210144,1.0931733846664429,-0.15016105771064758,1.0735982656478882,-0.6464017033576965,0.24379447102546692,-1.1592497825622559,-0.581322431564331,0.6502918601036072,0.71160888671875,0.9187671542167664,-1.1546765565872192,-0.4016098082065582,0.3541303277015686,-2.0371572971343994,0.13554760813713074,-0.34848448634147644,-1.2875280380249023,-0.4896697700023651,-0.11728852987289429,-0.25889724493026733,0.9291951060295105,0.19666212797164917,0.4462427794933319,-0.11843227595090866,-0.44012200832366943,0.3980198800563812,0.32283759117126465,0.9218494296073914,0.23298150300979614,0.7068932056427002,-0.7374942302703857,0.4417700171470642,-0.9110456109046936,0.680910587310791,0.4979759156703949
dataset/processed\22102024\22102024_face_056.jpg,22102024,-0.6774953603744507,0.44714298844337463,-1.122754693031311,0.7927234768867493,1.3310964107513428,-0.9496079087257385,0.1136743575334549,-1.9710214138031006,1.4579538106918335,0.14836230874061584,-1.3090978860855103,0.6720634698867798,2.3487491607666016,-1.7925429344177246,0.8186074495315552,0.42572569847106934,-0.4904899299144745,1.011645793914795,0.17338529229164124,-0.46138229966163635,-0.5919902324676514,0.5055182576179504,-0.8761650919914246,0.7081886529922485,-0.17766156792640686,2.1495232582092285,1.824175238609314,0.5564299821853638,0.35953521728515625,0.7894493341445923,0.4053044617176056,0.8045855760574341,0.7030238509178162,-0.8317250609397888,-0.0994887426495552,-0.4770345091819763,-1.1788997650146484,-0.9114115834236145,-1.5392749309539795,0.8508690595626831,0.738534152507782,0.8026866316795349,1.9848698377609253,1.3127397298812866,1.8767704963684082,-0.7508080005645752,-0.10560150444507599,-0.007832447066903114,1.6813976764678955,-0.002605956047773361,-0.5764675736427307,-1.7494653463363647,-0.9599819183349609,1.6980953216552734,-0.8327240943908691,-0.9560649991035461,0.3847828805446625,-0.5111335515975952,-0.7614434957504272,-0.3525112271308899,-1.6686012744903564,-0.10912217199802399,-0.3846503496170044,0.11819733679294586,-0.6742913722991943,-0.21675775945186615,-0.24788755178451538,-0.2908798158168793,1.4303064346313477,-1.2718878984451294,-0.22094054520130157,0.754555344581604,-0.4421534836292267,1.1862444877624512,-1.4183474779129028,-1.888654351234436,0.21577617526054382,-0.8106495141983032,0.3868967592716217,-1.288887619972229,0.09380542486906052,-0.4548695981502533,0.23728083074092865,-0.1589413434267044,0.11899259686470032,-0.5968717932701111,1.033974051475525,0.3576468825340271,-0.6909018754959106,0.19137582182884216,-0.44670578837394714,0.4718642234802246,0.9455987811088562,-0.41970348358154297,-0.7682197690010071,0.42573657631874084,-1.6595197916030884,0.5048235654830933,-1.020439624786377,-1.0148078203201294,0.7223841547966003,-0.024172674864530563,1.3352586030960083,-1.2874640226364136,-0.6914991736412048,0.22644875943660736,-1.9726154804229736,-0.40292951464653015,-0.9870148301124573,-0.6988595724105835,0.45782291889190674,0.16112059354782104,-1.3815785646438599,1.768986701965332,0.46938812732696533,1.4014554023742676,0.0367104597389698,-1.0118244886398315,1.0621713399887085,1.3879847526550293,0.6669285297393799,-0.06206582486629486,1.124224305152893,0.40775683522224426,0.41014647483825684,-0.6724948883056641,1.785616397857666,0.5250877737998962
dataset/processed\22102024\22102024_face_057.jpg,22102024,0.3000459671020508,-0.13866838812828064,-0.45556092262268066,0.6755308508872986,-0.2544676959514618,-0.43635138869285583,0.29533421993255615,-1.8046976327896118,1.1937859058380127,-0.3511253893375397,-1.094079613685608,-0.2922651767730713,1.6400095224380493,-1.35433030128479,0.04365222156047821,0.24098606407642365,-0.06746949255466461,0.12883032858371735,0.06305041164159775,-0.3443966507911682,-0.31728819012641907,0.4290759563446045,-0.3474235534667969,-0.12578964233398438,0.23233240842819214,0.757736325263977,1.2528080940246582,0.17795732617378235,0.11596910655498505,0.3904508650302887,-1.0063800811767578,0.9254002571105957,0.24588993191719055,-0.5189666152000427,0.23885540664196014,0.5233863592147827,-1.427127480506897,0.18480919301509857,-1.3087537288665771,1.104945182800293,1.4432480335235596,1.3675612211227417,1.2093608379364014,0.9347209930419922,1.155834674835205,-0.9371093511581421,0.26285576820373535,0.3124474585056305,0.7840164303779602,0.24820475280284882,-0.5990052819252014,-1.460267186164856,-0.38914695382118225,0.6329073905944824,-0.4412013590335846,-0.6195574998855591,0.42600497603416443,0.2552831470966339,-1.0111743211746216,-0.2603214383125305,-0.8656338453292847,-0.9836629629135132,-0.9962735176086426,0.008038870990276337,-0.32686951756477356,0.1386977881193161,0.33323830366134644,-0.06276081502437592,0.9621593952178955,-1.2699434757232666,-0.48642581701278687,0.6546441316604614,-0.3107531666755676,-0.05364542454481125,-0.6635529398918152,-1.2142016887664795,-0.3200165629386902,-0.4102481007575989,0.21856722235679626,-1.1460431814193726,0.5671103000640869,-0.304004043340683,0.7493332624435425,-0.12049320340156555,0.011525481939315796,-0.7570179104804993,1.5167051553726196,-0.47730720043182373,-0.5351251363754272,0.3543051481246948,-0.16978725790977478,0.4938792288303375,0.8461916446685791,-0.08542057871818542,-0.6518346071243286,0.7287154793739319,-1.6210036277770996,0.11453424394130707,-1.3729116916656494,-0.07614903151988983,0.9063300490379333,0.0336964949965477,0.1032048910856247,-0.8993541598320007,-0.44874390959739685,-0.4556655287742615,-1.2777531147003174,-0.18752458691596985,-0.7060825824737549,-0.7936515212059021,0.6746968626976013,0.123392753303051,-0.4962001144886017,1.9045398235321045,-0.6687859296798706,0.48622265458106995,-0.336061954498291,-0.742369532585144,0.7441874742507935,1.0453659296035767,0.7994741797447205,-0.40968048572540283,0.22004443407058716,-0.03146994113922119,0.4647599458694458,-0.026892103254795074,1.037431001663208,0.388204962015152
dataset/processed\22102024\22102024_face_058.jpg,22102024,0.03268714249134064,-0.45483309030532837,-0.21632719039916992,-0.2654300630092621,0.38399219512939453,-0.280666708946228,-0.4434957504272461,-0.8463510870933533,0.997609555721283,-0.032878510653972626,0.20623180270195007,-0.18195056915283203,1.0082852840423584,-0.905290961265564,-0.5311089754104614,0.1328941285610199,0.2517412602901459,0.20325253903865814,0.15349668264389038,0.007927892729640007,0.09022952616214752,0.5977151989936829,-0.020532414317131042,0.3475629687309265,0.3894330561161041,-0.12204145640134811,0.37729907035827637,0.026042938232421875,-0.07743123173713684,-0.08341282606124878,-0.7472301721572876,0.38902050256729126,0.1026977151632309,-0.23658987879753113,0.2713834345340729,0.531261146068573,-0.39508554339408875,-0.11637429147958755,-0.7735384702682495,0.2900552451610565,0.660264253616333,0.3104281723499298,0.41312238574028015,0.9622831344604492,0.4373655319213867,-1.2819318771362305,0.028847966343164444,0.05390506610274315,0.7983150482177734,0.25189119577407837,-0.6480554342269897,-0.4039902091026306,-0.8228290677070618,-0.45337164402008057,-0.47739341855049133,-0.13704535365104675,0.509767472743988,-0.24514298141002655,-1.1953927278518677,-0.0960531085729599,-0.143754780292511,-0.5661177635192871,-0.2944091856479645,-0.07042764127254486,-0.33534789085388184,0.7538654804229736,0.3084369897842407,0.34987926483154297,0.6083249449729919,-1.0156776905059814,-0.32599809765815735,0.1844376027584076,-0.5499394536018372,-0.19932690262794495,0.3173157870769501,-1.1189075708389282,-0.2528471052646637,-0.7120113968849182,-0.27884402871131897,-0.6087698340415955,0.034540072083473206,-0.20241479575634003,0.2773101329803467,0.6668795347213745,0.26710382103919983,0.14023011922836304,0.3041000962257385,-0.3748983144760132,-0.10462232679128647,0.2404835820198059,0.06425930559635162,0.2947950065135956,0.620920717716217,0.2624072730541229,0.14027288556098938,0.6467338800430298,-1.0025283098220825,0.011976756155490875,-1.4363906383514404,-0.36210691928863525,0.9284290075302124,0.04617134481668472,0.05227777361869812,-1.3494470119476318,-0.47353309392929077,-0.27093803882598877,-0.5383233428001404,-0.7502824068069458,-0.4192022383213043,-0.887675940990448,0.3815063536167145,0.382668137550354,0.4564930200576782,0.902121365070343,0.03510497510433197,0.059668585658073425,0.012520000338554382,-0.4061133861541748,0.20792818069458008,1.3946527242660522,-0.04382989555597305,-0.09118492901325226,0.32860177755355835,-0.18583016097545624,0.4719278812408447,-0.22476738691329956,0.6571828126907349,0.37633371353149414
dataset/processed\22102024\22102024_face_059.jpg,22102024,-0.8005903959274292,-0.19073492288589478,-0.5952292084693909,-0.06647387892007828,0.6224443912506104,0.8187260031700134,-0.2214837372303009,-1.1407513618469238,1.1182657480239868,0.017647922039031982,0.26880648732185364,-0.04425177723169327,0.5766904950141907,-0.8228592872619629,0.5862066745758057,-0.09848597645759583,0.17349295318126678,0.21657328307628632,-0.19570088386535645,0.1698702573776245,0.326326847076416,-0.09890478104352951,-0.5772825479507446,-0.4125121533870697,0.2449720948934555,0.8757575750350952,1.195390224456787,-0.3537352681159973,-0.7459286451339722,0.6793777346611023,0.08206133544445038,0.92329341173172,-0.24514995515346527,0.3452971279621124,0.5249043107032776,-0.08675282448530197,0.03400280699133873,-0.7453579306602478,0.46025800704956055,-0.33327531814575195,0.6860870122909546,0.1826907843351364,-0.7941145896911621,0.06495368480682373,-0.40176859498023987,-0.7570739984512329,0.18795402348041534,-0.06518743932247162,0.30854731798171997,0.9581074714660645,-0.5146969556808472,-0.5021522045135498,0.49470120668411255,0.7809375524520874,0.25432729721069336,-0.9494659900665283,1.2025718688964844,-0.9833896160125732,-1.1198779344558716,-0.9288115501403809,-0.34888890385627747,-0.4600319266319275,0.26879632472991943,0.6888418197631836,0.5816336274147034,-0.5198702216148376,-0.00828823447227478,-0.687990665435791,0.3188854455947876,-0.7784472703933716,0.10654715448617935,-0.11614355444908142,-0.557077169418335,-0.12165342271327972,0.21571622788906097,-0.7206218242645264,0.20491427183151245,-0.4274323284626007,0.1678897738456726,0.018940448760986328,-0.8200952410697937,-0.7582880258560181,0.3393852114677429,0.5612950325012207,0.9711665511131287,0.851690948009491,0.6914516687393188,0.6575455069541931,-0.4240168631076813,0.36017313599586487,-0.4646945893764496,-0.03576219081878662,-0.2499343454837799,0.152654230594635,0.9025847911834717,1.0786134004592896,-0.15292079746723175,0.023220131173729897,-1.195695161819458,-0.9541612267494202,0.919205904006958,0.645355761051178,-0.3262168765068054,-0.5921899080276489,0.0975755974650383,0.6857157349586487,-1.1132168769836426,-0.345241516828537,0.6746151447296143,-1.090256690979004,-0.033474214375019073,-0.2120196670293808,-0.4322377145290375,0.36131152510643005,-0.00209602527320385,0.2883344292640686,-0.8172707557678223,-0.09136553108692169,0.8094316124916077,0.6429975032806396,-0.24605034291744232,-0.34272387623786926,1.00123929977417,-0.6397231221199036,0.11092129349708557,-0.36803606152534485,0.8725067377090454,0.8432828783988953
dataset/processed\22102024\22102024_face_060.jpg,22102024,-0.31535428762435913,-0.385622501373291,-0.4491519331932068,-0.502185583114624,-0.04264311119914055,0.16695645451545715,-0.396140456199646,-0.6546469926834106,-0.2593729794025421,-0.03225504234433174,-0.24057313799858093,0.17827336490154266,0.061814308166503906,-0.747992753982544,0.098670594394207,0.0980919897556305,0.5580326318740845,0.7748114466667175,0.7513733506202698,-0.8414462208747864,-0.3167683482170105,0.1988540142774582,0.044343575835227966,-0.13023990392684937,0.21855561435222626,0.10839603841304779,0.44171571731567383,0.08315993845462799,-0.4630606174468994,0.28398969769477844,-0.04869866371154785,0.05973602086305618,0.2909855842590332,0.37353524565696716,1.0352880954742432,0.09896840155124664,-0.1168910413980484,0.1614542454481125,0.581584632396698,-0.35224369168281555,0.22980228066444397,0.4859982132911682,-0.07209965586662292,0.32214683294296265,0.37993064522743225,-0.859936535358429,0.4043533504009247,-0.4797450006008148,0.19064049422740936,-0.17335300147533417,-0.730979323387146,0.12845318019390106,0.5052839517593384,-0.548213541507721,0.8856615424156189,0.37431758642196655,0.42748746275901794,0.36404475569725037,0.18067772686481476,-1.4133890867233276,0.5589305758476257,-0.28181764483451843,-0.29870977997779846,0.6427489519119263,0.2525217533111572,0.9243218302726746,0.11658221483230591,0.1453256458044052,-0.41649293899536133,-0.13675720989704132,0.2575691342353821,-0.1337866187095642,0.15068432688713074,-0.4948882460594177,-0.19855739176273346,-0.07364445924758911,-0.6306887865066528,0.16579988598823547,0.41154012084007263,-0.734080970287323,-0.060119882225990295,0.08943881839513779,-0.4208657145500183,1.3158682584762573,0.6600263714790344,-0.18432281911373138,0.6996176838874817,-0.2701457142829895,-1.3081533908843994,0.40144482254981995,-0.09995432943105698,0.5812976956367493,-1.005462884902954,-0.1202460303902626,0.16218215227127075,-0.23800981044769287,-0.19173385202884674,-0.514375627040863,-0.7026641964912415,0.008034288883209229,-0.32031530141830444,0.46465009450912476,-0.3437296450138092,-0.32373201847076416,0.13503971695899963,0.41373515129089355,-0.633800208568573,-0.18577048182487488,-0.35371825098991394,-0.8153243064880371,-0.08422720432281494,0.3681151866912842,0.5169239044189453,0.8136694431304932,-0.28321945667266846,0.5614230632781982,-0.4192127287387848,-0.17035135626792908,0.6797069907188416,0.9381906986236572,-0.05167705565690994,0.06488694250583649,0.4374573230743408,0.09261935204267502,0.7354894280433655,-0.8336687684059143,1.165844440460205,-0.684821605682373
dataset/processed\22102024\22102024_face_061.jpg,22102024,0.1548251509666443,-0.4037474989891052,-0.8802977800369263,-0.23515307903289795,1.3180581331253052,-0.089898481965065,0.07237060368061066,-1.113966941833496,0.4780811369419098,0.5553960800170898,-0.43581679463386536,-0.56751549243927,0.5531330704689026,-0.9152919054031372,-0.2047262191772461,-0.23302540183067322,0.438117116689682,-0.1345582902431488,0.2910419702529907,-0.09282571822404861,0.38235020637512207,0.2907816767692566,-0.7335289120674133,0.5428937077522278,-0.09986963868141174,-0.25830078125,0.9734911918640137,-0.45382243394851685,-0.6812859177589417,0.25248804688453674,0.4652308523654938,0.10542960464954376,0.26892513036727905,-0.4558890163898468,0.24105802178382874,-0.41260969638824463,-0.5223954319953918,-0.28712719678878784,0.4911881685256958,0.14409658312797546,0.25358954071998596,0.16707618534564972,0.5168173909187317,0.5426207184791565,-0.6174379587173462,-1.7324320077896118,-0.4254496693611145,0.2283470779657364,0.13361813127994537,0.09286538511514664,-0.857542097568512,0.24452999234199524,-0.22643139958381653,-0.322037935256958,0.33400481939315796,-0.3227558732032776,1.0239464044570923,-0.5239068865776062,-1.38754141330719,-1.1159476041793823,-0.6461869478225708,-1.1217645406723022,0.36563441157341003,0.8035149574279785,-0.651883065700531,0.6636821627616882,0.09595153480768204,-0.025607526302337646,-0.13629630208015442,-0.3190217912197113,0.09161527454853058,-0.29454055428504944,0.03362581133842468,-0.6751704812049866,-0.06712973117828369,-0.587069034576416,-0.05350146070122719,-0.12520769238471985,-0.48355546593666077,-0.5762162804603577,-0.3165983259677887,0.4140699505805969,0.36360153555870056,1.1214765310287476,0.6662160158157349,0.7155524492263794,0.0902642160654068,-0.7743294835090637,-0.6443531513214111,0.5048190951347351,0.29263243079185486,-0.06596635282039642,-0.15004795789718628,0.7549543380737305,0.36398932337760925,-0.18953509628772736,-0.8772117495536804,-0.37815186381340027,-1.4684836864471436,-0.6689954400062561,0.21811525523662567,0.6566343307495117,0.41494983434677124,-0.6985625624656677,-0.12024721503257751,-0.901292622089386,-0.6687990427017212,-0.4681808650493622,-0.3508512079715729,-0.8130480051040649,0.03523115813732147,0.2868155837059021,0.5562887191772461,1.370396614074707,-0.6128798723220825,-0.21586324274539948,-0.37345829606056213,0.12958529591560364,0.20886148512363434,1.1316156387329102,0.021076563745737076,0.21027639508247375,0.4911174774169922,-0.586361289024353,-0.025083303451538086,-0.5566397905349731,0.6520190238952637,0.04992087557911873
dataset/processed\22102024\22102024_face_062.jpg,22102024,-0.11694742739200592,-0.19443942606449127,-0.6407856345176697,-0.2943289875984192,0.4546996057033539,0.9244789481163025,-0.6324293613433838,-0.559877336025238,0.8033380508422852,0.22086939215660095,-0.6557736396789551,-0.3912684917449951,0.1613132208585739,-0.7533562183380127,-0.13931156694889069,-0.8384114503860474,0.016636807471513748,0.39033520221710205,0.41419005393981934,-0.5240868926048279,0.22058534622192383,0.14516936242580414,0.011229187250137329,0.5475517511367798,0.5937860608100891,0.021430034190416336,0.8068969249725342,-0.5169519782066345,-0.6382124423980713,0.4137929379940033,-0.0944381058216095,0.4025365114212036,-0.005634441506117582,0.24454978108406067,0.2075241357088089,-0.09499691426753998,-0.06887313723564148,-0.9224022030830383,0.149823397397995,-0.5410735607147217,0.39391428232192993,0.1846899390220642,0.7668757438659668,0.8977783918380737,0.529587984085083,-0.3783457577228546,-0.03200468420982361,-0.8591804504394531,-0.06235601380467415,-0.22370946407318115,-0.719498336315155,-0.08818085491657257,-0.04299359768629074,-0.4525780975818634,-0.2726249098777771,-0.13729608058929443,0.7194595336914062,-1.3351740837097168,-0.9961044788360596,-1.0699318647384644,0.35359448194503784,0.23658598959445953,0.3423400819301605,0.38374266028404236,-0.48742637038230896,0.7317389249801636,-0.08065710216760635,-0.16934245824813843,-0.15804380178451538,-0.7708173990249634,0.6714673042297363,-0.27049463987350464,-0.1947084665298462,-1.1480693817138672,1.2159099578857422,-0.4388018250465393,-0.25632187724113464,0.103909432888031,0.0780702605843544,0.019650034606456757,0.46637630462646484,0.593716025352478,-0.2550220191478729,0.8729308843612671,0.6688131093978882,0.6136536002159119,-0.00031984783709049225,0.10025754570960999,-0.5847549438476562,0.15988191962242126,0.05873327702283859,0.11248601227998734,-0.620878279209137,0.7252250909805298,0.5145708918571472,0.7390904426574707,-0.7028890252113342,-0.42685750126838684,-1.5600385665893555,-0.05152852088212967,0.38948774337768555,-0.16935336589813232,0.3691287636756897,-0.8747362494468689,-0.5925987958908081,-0.4765045642852783,-1.2959635257720947,-0.2930853068828583,-0.41578540205955505,-0.5799633860588074,-0.26348572969436646,-0.15320540964603424,-0.0020454078912734985,0.7829185724258423,-0.4255771338939667,0.19165641069412231,-1.0177620649337769,-0.04448139667510986,0.29064857959747314,0.9901530742645264,0.029679637402296066,-0.5312248468399048,1.0254745483398438,0.04884421080350876,0.5162331461906433,-1.1311436891555786,1.3049430847167969,0.2719820737838745
dataset/processed\22102024\22102024_face_063.jpg,22102024,0.1650027334690094,-0.26485711336135864,-0.4739578068256378,-0.5524270534515381,0.257389098405838,0.40279608964920044,-0.3901433050632477,-0.5488719940185547,0.3998062312602997,0.15091750025749207,-0.1325918436050415,-0.052722908556461334,0.3224242329597473,-0.9980275630950928,0.02726615220308304,-0.258978009223938,-0.023954831063747406,0.04726283997297287,0.5997906923294067,-0.3420505225658417,-0.23708520829677582,0.6512026786804199,0.36854395270347595,0.784988522529602,0.22035494446754456,-0.20043402910232544,0.6123751401901245,-0.158001109957695,-0.3077298402786255,-0.38584354519844055,-0.4190733730792999,-0.03930122032761574,0.19523292779922485,0.20765399932861328,0.26027315855026245,0.4123132824897766,-0.5284354090690613,-0.4890756607055664,0.19370967149734497,-0.3704361021518707,0.2658108174800873,-0.20798896253108978,-0.02278997004032135,0.48500359058380127,0.3838314712047577,-1.0668144226074219,0.2866044044494629,-0.7645153999328613,0.3991936445236206,-0.27663230895996094,-0.8237095475196838,-0.2922768294811249,-0.27870941162109375,-0.7637829780578613,-0.13160179555416107,0.22460819780826569,0.3372481167316437,-0.0708758607506752,-0.8278948068618774,-0.5591568946838379,0.18827468156814575,-0.7655954957008362,-0.19402478635311127,-0.04199644550681114,0.03337898105382919,0.5593039393424988,0.3635327219963074,0.16149891912937164,-0.2962256371974945,-0.37502023577690125,0.038620609790086746,-0.012662865221500397,0.03218352049589157,-0.4798930287361145,0.7237573862075806,-0.5971726775169373,-0.4134649932384491,0.10302691161632538,0.021420739591121674,-0.07846706360578537,-0.05203033611178398,0.3270190358161926,0.065376877784729,0.6543934345245361,0.3186325132846832,0.21811652183532715,0.2712942361831665,-0.3367460370063782,-0.2957706153392792,-0.058687616139650345,0.34844139218330383,0.12414857000112534,-0.6218414902687073,-0.022076815366744995,0.5754213333129883,-0.1697147637605667,-1.3479098081588745,-0.2648833394050598,-0.9691727161407471,-0.11486826092004776,0.20287756621837616,0.058107197284698486,0.010214969515800476,-0.43810805678367615,-0.10189387202262878,-0.29290205240249634,-0.14816486835479736,-0.5654630661010742,-0.30703845620155334,-1.006571650505066,-0.10714542120695114,0.4333810806274414,0.3427748680114746,0.8561739921569824,0.018565570935606956,0.23825067281723022,-0.20000655949115753,-0.0021604448556900024,0.5378211140632629,1.554132103919983,-0.1654423475265503,-0.07004467397928238,0.5012838244438171,0.2832335829734802,0.5614290833473206,-0.7026852369308472,0.9451298117637634,0.24371124804019928
dataset/processed\22102024\22102024_face_064.jpg,22102024,0.05981844663619995,0.5788083076477051,-1.086660385131836,1.1045023202896118,-0.24265441298484802,-0.546838641166687,0.38233324885368347,-1.9450957775115967,1.6766672134399414,-0.01750599406659603,-1.5312671661376953,-0.014431055635213852,1.3081698417663574,-1.2709589004516602,-0.20390585064888,0.756488561630249,0.3845815062522888,-0.17274044454097748,-0.17620007693767548,-0.3249109089374542,-0.16133160889148712,0.8039231896400452,-0.3276856243610382,0.36808761954307556,0.27296704053878784,1.7668908834457397,2.629387378692627,0.6799890398979187,0.26923924684524536,0.3221699595451355,-1.676611065864563,1.7660229206085205,0.45186126232147217,-0.4683269262313843,0.38159114122390747,-0.08308233320713043,-2.1803247928619385,-1.817865014076233,-1.8920645713806152,0.7104077339172363,0.5545749664306641,-0.024987827986478806,0.7319035530090332,0.946600079536438,2.5196163654327393,-1.5147680044174194,0.4974651634693146,0.02898608148097992,1.2775311470031738,0.5003405809402466,0.1958496868610382,-2.0665950775146484,-1.310606837272644,0.334063321352005,-0.4136228561401367,-1.1194713115692139,0.5362768769264221,-0.010296851396560669,-1.073240041732788,-0.8946666121482849,-2.0059030055999756,-1.4073253870010376,0.5746926665306091,-0.48537102341651917,-0.6959308981895447,0.3705924153327942,0.13254030048847198,0.3154621124267578,1.4408715963363647,-1.7114802598953247,-0.5244096517562866,-0.32287219166755676,0.7336730360984802,0.6828750967979431,-0.6148011088371277,-2.041081428527832,0.6729716062545776,-0.6579651832580566,1.0585954189300537,-1.6093034744262695,0.04840690642595291,0.25297829508781433,0.6365844011306763,-0.3340621888637543,0.03906525671482086,0.0428323969244957,1.322529911994934,-0.8177234530448914,-0.007140260189771652,0.8395325541496277,0.09085863828659058,0.7055380344390869,1.5557247400283813,-0.33793148398399353,-0.6769003868103027,0.6233146786689758,-1.3142352104187012,0.9985385537147522,-2.5913870334625244,0.2127782106399536,0.3957633376121521,0.25768613815307617,1.2842503786087036,-0.43688637018203735,-0.8815793395042419,-1.0632452964782715,-1.7097760438919067,1.004539966583252,-1.4955323934555054,-0.15475235879421234,0.40253835916519165,0.5376725792884827,-0.20408207178115845,2.212876081466675,0.08557715266942978,0.5278371572494507,0.4407200217247009,-0.6396166682243347,1.3716522455215454,0.36377742886543274,0.7842579483985901,0.06360481679439545,0.5920260548591614,0.392636239528656,0.7995877861976624,-0.09338589757680893,1.1697553396224976,0.6515573859214783
